gene_id	gene_name	SRR3222409_KO	SRR3222410_KO	SRR3222411_KO	SRR3222412_WT	SRR3222413_WT	SRR3222414_WT
ENSMUSG00000001750	Tcirg1	8.36965626212087	8.47731116410523	8.34494073506045	8.51200251101207	8.34922937063051	8.33204584321899
ENSMUSG00000003053	Cyp2c29	6.69309390772734	6.69309390772734	6.69309390772734	6.69309390772734	6.69309390772734	6.69309390772734
ENSMUSG00000003228	Grk5	8.43295847471293	8.63311084021298	8.59205017221347	8.51200251101207	8.54583062202909	8.62565155479087
ENSMUSG00000003555	Cyp17a1	6.83727858405132	6.69309390772734	6.69309390772734	6.69309390772734	6.69309390772734	6.69309390772734
ENSMUSG00000003559	As3mt	7.89082660743633	7.88801393773421	8.07383692677776	7.97717541888985	7.83768157891377	8.02424895196817
ENSMUSG00000003680	Taf6l	7.83490841212798	7.69071976901655	7.72795684657503	7.82788584280479	7.72819051024332	7.65483418254366
ENSMUSG00000004054	Map3k11	9.44364189201499	9.58160851309247	9.45947586840274	9.56805688040624	9.32224031245424	9.3535391456618
ENSMUSG00000004231	Pax2	6.69309390772734	6.69309390772734	6.69309390772734	6.69309390772734	6.82522789473628	6.82761009188626
ENSMUSG00000005986	Ankrd13d	7.43442825115944	7.33570294006724	7.22907080466996	7.50101568182291	7.54732392784919	7.38564494776553
ENSMUSG00000006270	Vax1	6.69309390772734	6.69309390772734	6.69309390772734	6.69309390772734	6.69309390772734	6.69309390772734
ENSMUSG00000006435	Neurl1a	7.85121857150065	8.0608460472002	7.89125017354595	7.67274894724056	7.58500378290221	7.72212675171455
ENSMUSG00000006456	Rbm14	8.46108692461783	8.66524366551823	8.49913005723016	8.70579770540217	8.57099273903345	8.37614357086057
ENSMUSG00000006457	Actn3	9.08778651346831	9.85902059285772	9.34550008871804	8.34067623371094	7.55691638056771	8.34988318664015
ENSMUSG00000006463	Zdhhc24	7.79285881891131	7.86684178414071	7.82215563377793	7.78341280850424	7.72819051024332	7.75392965440391
ENSMUSG00000006464	Bbs1	7.34845668209767	7.62326753836702	7.56430648825622	7.59556676799289	7.62097382186242	7.46837317541951
ENSMUSG00000007338	Mrpl49	8.68894354225463	8.58894927797102	8.51352189595053	8.69721473802726	8.57099273903345	8.59347002920801
ENSMUSG00000009378	Slc16a12	7.0997321052499	7.02694047235869	7.08743043505694	6.90909222265366	6.92179713828805	7.07260577057312
ENSMUSG00000010095	Slc3a2	9.27852598671895	9.50480735707548	9.42411488146377	9.58594222089262	9.62911791618266	9.79002211887891
ENSMUSG00000010097	Nxf1	9.1865118158533	9.47631373126055	9.45481307345057	9.36310290855682	9.21132288297361	9.02331133958175
ENSMUSG00000010110	Stx5a	9.32230389932832	9.30159441048483	9.37055354952016	9.36136192298003	9.36576276404529	9.20755578936336
ENSMUSG00000010663	Fads1	9.63949919594295	9.74033559603546	9.72361300402521	10.4867642293185	10.5330664714486	10.7521852979511
ENSMUSG00000011752	Pgam1	10.555735338539	10.2569594550216	10.3116050821725	10.2816908249096	10.2919975183779	10.132896533773
ENSMUSG00000012443	Kif11	8.71188623780609	8.81006603287496	8.64034734062759	8.97279545641968	8.95248658883496	8.36745467475034
ENSMUSG00000013662	Atad1	9.18386470204894	9.17852200095206	9.25131079556722	9.25827928524631	9.3500957449935	9.29530582902124
ENSMUSG00000013663	Pten	9.99110659207633	10.0434043605331	10.16316190917	10.1727629408566	10.3139667702051	10.2811956277462
ENSMUSG00000015176	Nolc1	9.03851948127094	9.12747305230472	9.07818470753857	9.06693414618229	9.10475628362494	8.75953674742992
ENSMUSG00000016495	Plgrkt	8.39928973960578	8.1210467356186	8.36128583854662	8.28968712086001	8.22299384601863	8.44346780332608
ENSMUSG00000016496	Cd274	7.04554269140627	7.16418266913408	7.32240821954365	6.69309390772734	6.92179713828805	7.04822193928885
ENSMUSG00000016498	Pdcd1lg2	6.69309390772734	6.69309390772734	6.69309390772734	6.69309390772734	6.69309390772734	6.69309390772734
ENSMUSG00000018820	Zfyve27	8.09418120832345	8.37465741708167	8.25368281864538	8.57683779133206	8.51270825336965	8.57889701246038
ENSMUSG00000018821	Avpi1	7.95834542419743	7.98759663051025	7.7668082247057	7.86440838523802	7.70460802667927	7.89836370657623
ENSMUSG00000018822	Sfrp5	9.17855489880294	9.05101458115182	9.00867372231671	9.38553721055739	9.55471875557556	9.63112595176967
ENSMUSG00000023307	March5	8.95318249411285	8.95308438072993	9.10862574054616	9.00718532124723	9.01448735591981	9.08426657784404
ENSMUSG00000024639	Gnaq	9.05611568342348	9.35606670089262	9.45714643815102	9.70373701535723	9.74047301022809	9.6493341293907
ENSMUSG00000024640	Psat1	10.448190161377	10.4656088917849	10.3430040042712	10.7315090392483	10.8304755663074	10.499966325434
ENSMUSG00000024642	Tle4	7.89082660743633	7.83418789493761	7.94004602305768	7.83407074462203	7.72819051024332	7.86425511051723
ENSMUSG00000024650	Slc22a6	6.69309390772734	6.69309390772734	6.69309390772734	6.69309390772734	6.69309390772734	6.69309390772734
ENSMUSG00000024653	Scgb1a1	6.83727858405132	6.69309390772734	6.69309390772734	6.94242986723758	6.69309390772734	6.82761009188626
ENSMUSG00000024654	Asrgl1	8.88867179496088	8.91876433477016	8.99563665209147	9.25074472016326	9.33623879271546	9.29104991498396
ENSMUSG00000024658	Gm9750	6.69309390772734	6.86029628209775	6.69309390772734	6.81787819900811	6.87989438758328	6.82761009188626
ENSMUSG00000024659	Anxa1	9.67519590458786	9.49632067929044	9.54520855927018	8.98435800364909	8.94186503925223	9.47245668470141
ENSMUSG00000024660	Incenp	8.36965626212087	8.7170527268569	8.37205835560157	8.60185290771622	8.62325920265066	8.16296615666279
ENSMUSG00000024661	Fth1	12.5007980196766	12.4492594263832	12.3614504401195	12.290449639862	12.2460509543932	12.4418757735377
ENSMUSG00000024663	Rab3il1	8.85857500609021	8.72716664918857	8.67014475027652	8.63545262267017	8.67671382032653	8.71754728047754
ENSMUSG00000024664	Fads3	8.8820431533207	9.12375171055306	8.97250927489252	9.06259877889756	9.0785493952436	8.99971579748579
ENSMUSG00000024665	Fads2	9.059025998942	9.41449394322967	9.23221632177859	10.3769630995409	10.3228573822814	10.6109262516122
ENSMUSG00000024666	Tmem138	7.70249206888561	7.65090114042147	7.51439283053638	7.78341280850424	7.69660401443842	7.59118601885856
ENSMUSG00000024667	Tmem216	7.42085942667654	7.3959005397719	7.28693123132364	7.40296575511018	7.44390942851504	7.42234764738652
ENSMUSG00000024668	Sdhaf2	8.85857500609021	8.52555401098128	8.6446473769907	8.64446252057457	8.56027139803849	8.62211632692467
ENSMUSG00000024669	Cd5	6.89691715038443	6.86029628209775	6.99158045856975	6.69309390772734	6.82522789473628	6.69309390772734
ENSMUSG00000024670	Cd6	6.69309390772734	6.92942181245522	6.69309390772734	6.69309390772734	6.69309390772734	6.69309390772734
ENSMUSG00000024672	Ms4a7	7.65357253641971	7.48542196548252	7.77626605551833	7.59556676799289	7.44390942851504	7.75392965440391
ENSMUSG00000024673	Ms4a1	7.07362543439183	7.21921004677553	7.05833993509113	6.97177358161501	6.98814330505843	6.82761009188626
ENSMUSG00000024675	Ms4a4c	6.83727858405132	7.06613893438547	6.90434364114117	6.94242986723758	6.95708579526237	6.82761009188626
ENSMUSG00000024677	Ms4a6b	7.75779123359979	7.63719948245307	7.6446828733288	7.59556676799289	7.55691638056771	7.73816963729095
ENSMUSG00000024678	Ms4a4d	7.16933416550579	7.19248484467531	7.18655222279839	7.06652016341404	7.16753551133035	7.34672009991863
ENSMUSG00000024679	Ms4a6d	7.75779123359979	7.66438239001078	7.63367549932296	7.56251128870634	7.72039959449549	7.61907195688392
ENSMUSG00000024680	Ms4a2	7.04554269140627	6.86029628209775	6.69309390772734	6.94242986723758	6.92179713828805	6.96183502500662
ENSMUSG00000024681	Ms4a3	6.83727858405132	6.86029628209775	6.69309390772734	6.69309390772734	6.69309390772734	6.69309390772734
ENSMUSG00000024682	Cblif	6.69309390772734	6.69309390772734	6.69309390772734	6.69309390772734	6.69309390772734	6.69309390772734
ENSMUSG00000024683	Mrpl16	8.25412555423942	8.09565615146018	8.08770553056773	8.10269213374991	8.10764298235315	8.04187357289459
ENSMUSG00000024687	Osbp	8.9018294325761	8.99886604413078	9.00217116371823	9.04511544818006	9.02954600301873	9.08674713095775
ENSMUSG00000024691	Fam111a	8.56753699724283	8.66524366551823	8.7033630171648	8.74786872885131	8.69296603554828	8.41866204962732
ENSMUSG00000024694	Keg1	6.69309390772734	6.69309390772734	6.69309390772734	6.69309390772734	6.69309390772734	6.69309390772734
ENSMUSG00000024695	Zfp91	9.4282160918793	9.69924972014256	9.63623732006282	9.72802319574629	9.81431341141135	9.85398432947078
ENSMUSG00000024696	Lpxn	7.26629505282919	7.26879677627666	7.26832418150057	7.26142363929337	7.26549218942222	7.21146857957656
ENSMUSG00000024697	Gna14	7.39286572223634	7.31424918855216	7.30494214112459	7.17429831353796	7.16753551133035	7.15723618563183
ENSMUSG00000024712	Rfk	8.71188623780609	8.60013644704523	8.7033630171648	8.75337532347162	8.87627189804283	8.84855496257341
ENSMUSG00000024713	Pcsk5	8.22050318650161	8.36793964262832	8.37205835560157	8.50866955247039	8.48249725528738	8.63619801642758
ENSMUSG00000024725	Ostf1	9.82460506189643	9.75455345289934	9.78758194719576	10.1170284832993	10.285946580386	10.4809098151326
ENSMUSG00000024726	Carnmt1	8.81033294098558	8.73720130390264	8.68686235493015	8.94699688283375	9.10711356708959	9.03881273470078
ENSMUSG00000024727	Trpm6	7.16933416550579	7.13399958654891	7.18655222279839	7.12389182698717	7.08839667164651	7.41033874581665
ENSMUSG00000024728	Ms4a19	6.69309390772734	6.69309390772734	6.69309390772734	6.69309390772734	6.69309390772734	6.69309390772734
ENSMUSG00000024729	Ms4a20	6.69309390772734	6.69309390772734	6.69309390772734	6.69309390772734	6.69309390772734	6.69309390772734
ENSMUSG00000024730	Ms4a8a	6.94262189687933	6.86029628209775	6.90434364114117	6.86951062302783	6.69309390772734	6.88325973737487
ENSMUSG00000024731	Ms4a10	6.69309390772734	6.69309390772734	6.69309390772734	6.69309390772734	6.69309390772734	6.69309390772734
ENSMUSG00000024732	Ccdc86	8.19170192770571	8.16209795768918	8.18013573643491	8.05919984405968	8.08628627309111	8.08749027671974
ENSMUSG00000024734	Zp1	6.69309390772734	6.69309390772734	6.95170575136151	6.69309390772734	6.69309390772734	6.69309390772734
ENSMUSG00000024735	Prpf19	10.0604938452338	9.89574502916739	10.0608835375026	9.90851850354338	9.90445103798536	9.6624287901723
ENSMUSG00000024736	Tmem132a	8.62970419044651	8.43983366727928	8.43980284602537	8.25715794813814	8.18421258363792	8.09305825908048
ENSMUSG00000024737	Slc15a3	7.34845668209767	7.29197880876875	7.30494214112459	7.18992790938474	7.20237706008236	7.19406889549228
ENSMUSG00000024738	Pga5	6.83727858405132	6.69309390772734	6.69309390772734	6.81787819900811	6.69309390772734	6.69309390772734
ENSMUSG00000024740	Ddb1	11.0960973935884	11.1902750722033	11.1178869235347	11.2679045674325	11.1392315317288	11.01267035584
ENSMUSG00000024742	Fen1	8.42820603826745	8.43983366727928	8.38803598569939	8.39688847533536	8.50522507519691	8.0985976928779
ENSMUSG00000024743	Syt7	7.0997321052499	7.4147721724162	7.3393737593904	7.44386353180665	7.45494699691135	7.43414596230346
ENSMUSG00000024747	Aldh1a7	7.14735678640726	7.02694047235869	7.13983569495576	7.39233618712362	7.30839975944614	7.57204002277272
ENSMUSG00000024749	Tmc1	6.83727858405132	6.69309390772734	6.84253668835852	6.86951062302783	6.92179713828805	6.69309390772734
ENSMUSG00000024750	Zfand5	9.93519439528374	9.83696174675155	9.83815735579294	9.78439088473066	9.88982320027091	9.90971146581187
ENSMUSG00000024754	Cemip2	8.60932295407031	8.97409041880478	8.90761740209233	9.23936411867576	9.18044861936393	9.08426657784404
ENSMUSG00000024757	Slc22a19	6.69309390772734	6.69309390772734	6.69309390772734	6.69309390772734	6.69309390772734	6.82761009188626
ENSMUSG00000024758	Rtn3	10.2675122326891	10.4073470739051	10.3846253956722	10.5945400630739	10.6606259448176	10.7909521407974
ENSMUSG00000024759	Atl3	9.1865118158533	9.27185330635516	9.3951583086916	9.4637260373638	9.32224031245424	9.28249809752491
ENSMUSG00000024761	Gm16437	6.83727858405132	6.69309390772734	6.69309390772734	6.69309390772734	6.69309390772734	6.69309390772734
ENSMUSG00000024764	Naa40	8.36965626212087	8.50167001746126	8.57854832140744	8.49861599095764	8.47097269400783	8.34099833297547
ENSMUSG00000024766	Lipo3	8.02165585751826	7.87748534996017	7.91594717137024	7.99829416223686	8.15927441574405	8.0985976928779
ENSMUSG00000024767	Otub1	9.31750831780389	9.23459959362676	9.15303354232259	9.2163131889498	9.33822695203486	9.15440751597829
ENSMUSG00000024768	Lipf	6.69309390772734	6.69309390772734	6.69309390772734	6.69309390772734	6.69309390772734	6.69309390772734
ENSMUSG00000024769	Cdc42bpg	7.72131076021071	7.89843065187862	7.73782847668384	7.9335826790535	7.90420238367513	7.85728743008629
ENSMUSG00000024770	Lipn	6.69309390772734	6.69309390772734	6.69309390772734	6.69309390772734	6.69309390772734	6.69309390772734
ENSMUSG00000024771	Lipk	6.69309390772734	6.69309390772734	6.69309390772734	6.69309390772734	6.69309390772734	6.69309390772734
ENSMUSG00000024772	Ehd1	9.4994753943387	9.55194121347459	9.41693259812597	9.42435399919979	9.45619325493361	9.6076026033619
ENSMUSG00000024773	Atg2a	8.404157833162	8.36793964262832	8.21136377323174	8.36724075663821	8.16931682034135	8.30477021510553
ENSMUSG00000024774	Ankrd22	6.69309390772734	6.69309390772734	6.69309390772734	6.81787819900811	6.69309390772734	6.69309390772734
ENSMUSG00000024776	Stambpl1	7.39286572223634	7.468417648299	7.35587731372626	7.619490246537	7.51779988354451	7.63714592866237
ENSMUSG00000024777	Ppp2r5b	8.32895500020551	8.41418703138511	8.41419865027314	8.54484491325661	8.55667694633319	8.54922883867426
ENSMUSG00000024778	Fas	7.22970941221727	7.02694047235869	7.13983569495576	7.18992790938474	7.04195916933653	7.2603434799828
ENSMUSG00000024780	Cdc37l1	8.79266005181415	9.1125255718079	9.18753712382901	9.156911678764	9.10711356708959	9.14494729471313
ENSMUSG00000024781	Lipa	8.77834586266099	8.7910339767091	8.88288016063918	9.12827187465127	9.08574762329173	9.25651629592526
ENSMUSG00000024782	Ak3	9.693623527591	9.91690873966587	9.85928766478935	10.2898033461373	10.2960172312379	10.4963560679959
ENSMUSG00000024784	Gpha2	6.69309390772734	6.69309390772734	6.69309390772734	6.69309390772734	6.69309390772734	6.69309390772734
ENSMUSG00000024785	Rcl1	8.17405981376103	8.07839214432852	8.16739643728133	7.97717541888985	8.09701731434477	7.91168225124242
ENSMUSG00000024786	Majin	6.69309390772734	6.69309390772734	6.69309390772734	6.69309390772734	6.69309390772734	6.69309390772734
ENSMUSG00000024787	Snx15	7.92889813566244	8.02486049474607	7.94004602305768	7.99305483800103	8.06449761649774	8.01830777599235
ENSMUSG00000024789	Jak2	8.65769472433328	8.62221530696981	8.65746030892354	8.84356446637563	8.71537619522108	8.88656455723358
ENSMUSG00000024790	Sac3d1	8.04860457761527	8.00639536838448	7.97130771237981	7.90534664437906	7.99630968283033	7.82889948830985
ENSMUSG00000024791	Cdca5	7.77549274356882	7.76528131384049	7.85732224938396	7.91673723980772	7.81679309693048	7.59118601885856
ENSMUSG00000024792	Zfpl1	8.43769224652233	8.20943645980547	8.27717969903295	8.41505098505996	8.26967769485237	8.33653061775529
ENSMUSG00000024795	Kif20b	7.87517655640418	7.94893553669015	7.97897561937507	7.93913549991189	8.02526074480937	7.67215790780027
ENSMUSG00000024797	Vps51	8.29747458386148	8.42065013608277	8.27717969903295	8.36348220012407	8.23720057624725	8.25783703342413
ENSMUSG00000024798	Htr7	6.94262189687933	6.86029628209775	7.05833993509113	7.02262818809414	6.95708579526237	7.15723618563183
ENSMUSG00000024799	Tm7sf2	7.88303289651761	7.95873900758381	8.01648322962674	9.0647682173516	9.12117116594022	9.2674022662982
ENSMUSG00000024800	Rpp30	7.95834542419743	7.98759663051025	7.96358192165217	8.02918803309152	8.11291708164748	7.92482451034136
ENSMUSG00000024803	Ankrd1	6.83727858405132	6.98237416409738	6.99158045856975	6.94242986723758	6.82522789473628	6.69309390772734
ENSMUSG00000024805	Pcgf5	7.64344077437085	7.80037201804007	7.83990100587749	7.73668205652126	7.78091055307803	7.72212675171455
ENSMUSG00000024806	Mlana	6.69309390772734	6.69309390772734	6.69309390772734	6.81787819900811	6.69309390772734	6.69309390772734
ENSMUSG00000024807	Syvn1	8.79621397544246	8.70685813731696	8.77120852422287	8.83327375224115	8.77429779793222	8.64665692807841
ENSMUSG00000024810	Il33	8.26511668745393	8.36118356570591	8.37740813263337	8.18918079475136	8.11816576168573	8.46375713193433
ENSMUSG00000024811	Tnks2	10.0189807443914	10.000506186511	9.97499583534765	10.1301633636321	10.2501271339034	10.3113510130673
ENSMUSG00000024812	Tjp2	8.62159133729462	8.83810076217769	8.73573785701412	9.29899136440808	9.22434261323317	9.40744489514804
ENSMUSG00000024815	Trpd52l3	6.69309390772734	6.69309390772734	6.69309390772734	6.69309390772734	6.69309390772734	6.69309390772734
ENSMUSG00000024816	Frmd8	9.95661157323075	9.92737263934884	9.869735010754	9.79845391946737	9.89249412719591	9.52918028127948
ENSMUSG00000024817	Uhrf2	8.47948318399103	8.50167001746126	8.55109707780861	8.51200251101207	8.49391395651942	8.44755295711508
ENSMUSG00000024818	Slc25a45	7.78421668005227	7.74111473402587	7.687325786163	7.82166028445794	7.75869132236051	7.97574158589548
ENSMUSG00000024824	Rad9a	8.42820603826745	8.22478315850934	8.12161800239865	8.24471809189939	8.18913402923453	8.15774361873988
ENSMUSG00000024826	Dpf2	8.93734845443544	8.92310350618403	8.90761740209233	8.86894154405001	9.00180709155082	8.75635509237483
ENSMUSG00000024827	Gldc	7.52270016803553	7.50203452827781	7.58810376126877	7.5367655674167	7.48705714289802	7.22827959673211
ENSMUSG00000024829	Mrpl21	8.30806277651368	8.29856684610638	8.25368281864538	8.26537679550408	8.22774918881334	8.22872841342085
ENSMUSG00000024830	Rps6kb2	8.10685622533994	8.09565615146018	8.14800931090451	8.02410202067644	8.12338931801714	7.89163643248749
ENSMUSG00000024831	Ighmbp2	7.52270016803553	7.71627789787142	7.51439283053638	7.51011551240462	7.59414833360101	7.4903018946431
ENSMUSG00000024833	Pola2	8.1255959345818	8.34755444508485	8.24773263785651	8.16259263264034	8.13891211570679	7.96951474499916
ENSMUSG00000024835	Coro1b	10.0870465922278	10.0719248486751	9.9604309230871	10.0127942600903	9.95894727768753	9.96068652019623
ENSMUSG00000024837	Dmrt1	6.69309390772734	6.69309390772734	6.69309390772734	6.69309390772734	6.69309390772734	6.69309390772734
ENSMUSG00000024841	Eif1ad	8.70428445626276	8.51367005247638	8.54180995905046	8.52524468931062	8.63006621033638	8.41027844865929
ENSMUSG00000024842	Cabp4	6.89691715038443	6.69309390772734	6.84253668835852	6.90909222265366	6.69309390772734	6.69309390772734
ENSMUSG00000024843	Chka	8.15613392128995	8.12938051722638	8.16739643728133	8.24887975900026	8.26967769485237	8.04187357289459
ENSMUSG00000024844	Banf1	9.89453573588604	9.58427441250003	9.63007598845538	9.65949196734747	9.75526114860857	9.59226795047728
ENSMUSG00000024845	Tmem134	10.3071887837179	10.4698841131595	10.2479782847876	10.829045263803	10.8605348142029	10.9930009345307
ENSMUSG00000024846	Cst6	7.39286572223634	7.35641952900921	7.28693123132364	7.32451803682462	7.36109984859385	7.43414596230346
ENSMUSG00000024847	Aip	9.26361586263269	9.12747305230472	9.1265648653001	9.21243305725557	9.31215305304996	9.3412672691386
ENSMUSG00000024851	Pitpnm1	7.91384428108631	7.98759663051025	7.75725120950875	8.16706829388066	8.10234316239566	8.03015667085617
ENSMUSG00000024853	Sf3b2	10.0014400693666	10.1823343231541	10.0456504805528	10.2207416655957	10.0854816155858	9.99195799203075
ENSMUSG00000024854	Pold4	8.38949362366089	8.2016841993044	8.07383692677776	8.19355130125074	8.09166512457565	8.34988318664015
ENSMUSG00000024855	Pacs1	8.25412555423942	8.29856684610638	8.19897651619142	8.1214742195558	8.16430696943138	8.06492550906653
ENSMUSG00000024856	Cdk2ap2	8.94370486630784	8.8655446930084	8.71559985867661	8.74510655639803	8.86783739017019	8.73386018113154
ENSMUSG00000024857	Cabp2	6.69309390772734	6.86029628209775	6.84253668835852	6.69309390772734	6.69309390772734	6.69309390772734
ENSMUSG00000024858	Grk2	8.84497293774981	9.01108273670279	8.78666507908875	8.90121258890062	8.73114610427554	8.81245810381409
ENSMUSG00000024862	Klc2	7.71195185758425	7.74111473402587	7.91594717137024	7.89960185140621	7.72819051024332	7.93133134867105
ENSMUSG00000024863	Mbl2	6.69309390772734	6.69309390772734	6.69309390772734	6.69309390772734	6.69309390772734	6.69309390772734
ENSMUSG00000024866	Acy3	7.64344077437085	7.51827916543745	7.56430648825622	7.37053765782871	7.55691638056771	7.50102147136271
ENSMUSG00000024867	Pip5k1b	6.89691715038443	7.13399958654891	7.05833993509113	6.99827770286894	7.04195916933653	6.96183502500662
ENSMUSG00000024868	Dkk1	6.69309390772734	6.69309390772734	6.69309390772734	6.69309390772734	6.69309390772734	6.69309390772734
ENSMUSG00000024869	Gm49405	6.69309390772734	6.86029628209775	6.69309390772734	6.94242986723758	6.82522789473628	6.82761009188626
ENSMUSG00000024870	Rab1b	10.2391895666899	10.2815301537028	10.0789494801961	10.3383998152632	10.4499604158781	10.2811956277462
ENSMUSG00000024871	Doc2g	7.19030775527518	7.13399958654891	6.99158045856975	7.12389182698717	6.82522789473628	6.9259144555803
ENSMUSG00000024873	Cnih2	7.49856294550468	7.3959005397719	7.35587731372626	7.39233618712362	7.26549218942222	7.27568225113925
ENSMUSG00000024875	Yif1a	8.63374108176709	8.68100919048288	8.63170301108027	8.84099939955363	8.8650137586194	8.8094042836905
ENSMUSG00000024878	Cbwd1	7.76668497023429	7.76528131384049	7.77626605551833	7.76367909125684	7.80260559253133	7.72212675171455
ENSMUSG00000024883	Rin1	7.14735678640726	6.98237416409738	7.11447152579288	7.06652016341404	6.95708579526237	7.04822193928885
ENSMUSG00000024885	Aldh3b1	7.85121857150065	7.98759663051025	7.89125017354595	7.91673723980772	7.990421432409	8.21388996863441
ENSMUSG00000024887	Asah2	7.53448201578797	7.50203452827781	7.59973972763598	7.56251128870634	7.52777009302377	7.68068916965749
ENSMUSG00000024889	Rce1	8.43769224652233	8.33376582025567	8.35041430282275	8.36724075663821	8.50897236766418	8.37614357086057
ENSMUSG00000024891	Slc29a2	7.28369726987596	7.19248484467531	7.18655222279839	7.20506248841134	7.14907911257911	7.24455586123739
ENSMUSG00000024892	Pcx	7.91384428108631	8.06965506175928	8.12827556836448	8.28968712086001	8.20377013286913	8.48371305047713
ENSMUSG00000024896	Minpp1	8.58860481799122	8.78141193902971	8.63170301108027	8.62333828006567	8.66025080555109	8.48371305047713
ENSMUSG00000024897	Apba1	7.80142111710954	7.85607998801862	7.88287829128547	8.08838912561614	8.02526074480937	8.06492550906653
ENSMUSG00000024899	Papss2	8.13791300716695	7.95873900758381	7.87443409338318	7.95015022201291	8.01377655729657	8.12587878122255
ENSMUSG00000024900	Cpt1a	9.40812592392685	9.51043639412672	9.40002688395321	9.37695191773472	9.31215305304996	9.21433699380293
ENSMUSG00000024901	Peli3	7.12422198610358	7.19248484467531	7.08743043505694	7.31244285581093	7.25041500396184	7.15723618563183
ENSMUSG00000024902	Mrpl11	8.55900894076153	8.54316779572843	8.57854832140744	8.46449396995092	8.53854656595052	8.56415150782977
ENSMUSG00000024905	Tesmin	7.14735678640726	6.86029628209775	6.95170575136151	6.99827770286894	6.98814330505843	7.02199656034898
ENSMUSG00000024906	Mus81	7.83490841212798	8.07839214432852	7.97130771237981	7.97717541888985	7.88471899502938	7.95060294512189
ENSMUSG00000024907	Gal	6.69309390772734	6.69309390772734	6.69309390772734	6.86951062302783	6.92179713828805	6.82761009188626
ENSMUSG00000024908	Ppp6r3	9.35073013044684	9.61326715931275	9.43600283529278	9.53619273788338	9.52380717807011	9.21883905222431
ENSMUSG00000024909	Efemp2	9.62033809557968	9.63140776868367	9.58828920445225	9.61669889315774	9.56487156527466	9.5505294072652
ENSMUSG00000024910	Ctsw	6.69309390772734	6.92942181245522	6.95170575136151	6.81787819900811	6.87989438758328	6.88325973737487
ENSMUSG00000024911	Fibp	9.20489822363549	9.19276026205287	9.09044406686721	9.05824932430555	9.10946672501595	9.1520486678936
ENSMUSG00000024912	Fosl1	6.83727858405132	6.69309390772734	6.69309390772734	6.69309390772734	6.82522789473628	6.69309390772734
ENSMUSG00000024913	Lrp5	8.47491012751598	8.62221530696981	8.56031508137422	8.51532644889627	8.17430421337302	8.14192644484997
ENSMUSG00000024914	Drap1	9.97021013049973	9.89787575839916	9.84346976340454	9.86309234497628	9.75820014595972	9.99966889858226
ENSMUSG00000024921	Smarca2	8.81033294098558	8.74218933261468	8.88644273494202	8.64446252057457	8.76822116348749	8.99706805201911
ENSMUSG00000024922	Ovol1	6.69309390772734	6.98237416409738	6.69309390772734	6.69309390772734	6.82522789473628	6.69309390772734
ENSMUSG00000024924	Vldlr	8.50656761470438	8.55477240028839	8.71153392940981	8.48508149510668	8.54219395853656	8.6006932615958
ENSMUSG00000024925	Rnaseh2c	8.84838677263539	8.87456601830314	8.71153392940981	8.73120580817825	8.74981733323745	8.73061418546826
ENSMUSG00000024926	Kat5	8.38456521912795	8.56053420007218	8.43980284602537	8.57999224614538	8.45543474006071	8.56415150782977
ENSMUSG00000024927	Rela	9.00564448509442	9.05885963569829	9.21284988350662	9.18693803885409	9.09765952505933	9.12823058610264
ENSMUSG00000024935	Slc1a1	7.43442825115944	7.54974855731688	7.38762972207216	7.18992790938474	7.06591762400799	7.07260577057312
ENSMUSG00000024936	Kcnk7	6.83727858405132	6.92942181245522	6.69309390772734	6.81787819900811	6.82522789473628	6.69309390772734
ENSMUSG00000024937	Ehbp1l1	8.39440173296377	8.91441081492041	8.60982864332055	8.29767830169139	8.11816576168573	8.39759200138994
ENSMUSG00000024939	Fam89b	9.25106496535258	9.03518496246097	8.99235730797218	9.00944664375673	8.97867325111811	8.88078831167209
ENSMUSG00000024940	Ltbp3	9.31990820842706	9.33708749779614	9.36806867547173	9.15488601164765	9.04690223120693	9.19389084010354
ENSMUSG00000024941	Scyl1	9.24601204461927	9.12002005732758	9.15011809072156	9.2163131889498	9.11883840713749	9.13542028303981
ENSMUSG00000024942	Capn1	8.65769472433328	8.63852344343035	8.55109707780861	8.62029137193838	8.7248614426533	8.70765870795758
ENSMUSG00000024943	Smc5	8.58860481799122	8.60569272930431	8.70745501301527	8.63846308229387	8.74051567896537	8.52267303951514
ENSMUSG00000024944	Arl2	8.87203687793161	8.62221530696981	8.68270353891882	8.65340854230372	8.73114610427554	8.72409741102489
ENSMUSG00000024947	Men1	8.62565430696525	8.72716664918857	8.54646223109827	8.69434085392493	8.51270825336965	8.567854306981
ENSMUSG00000024948	Map4k2	7.80990545394917	8.0608460472002	8.05269129249979	7.97717541888985	7.94823030312751	8.09305825908048
ENSMUSG00000024949	Sf1	9.81624326368627	9.95012359584539	9.91916603973602	9.90498499964019	9.89382769424483	9.73078460690095
ENSMUSG00000024952	Rps6ka4	8.13177175692506	8.27692449778177	8.26549129081589	8.33297502908238	8.10764298235315	8.27683981146742
ENSMUSG00000024953	Prdx5	10.0348707936708	9.69924972014256	9.71589157761017	9.69143399427903	9.88714719985999	9.95143369530427
ENSMUSG00000024955	Esrra	8.3746467387196	8.47731116410523	8.32278797486195	8.39322263140479	8.23248470033396	8.09305825908048
ENSMUSG00000024957	Kcnk4	7.04554269140627	6.98237416409738	6.69309390772734	6.99827770286894	6.87989438758328	6.9259144555803
ENSMUSG00000024958	Gpr137	8.33412028953086	8.36793964262832	8.26549129081589	8.44706713617716	8.4277540987777	8.45568212299044
ENSMUSG00000024959	Bad	8.79621397544246	8.7321937990583	8.81703490031702	8.70579770540217	8.76822116348749	8.82460204674055
ENSMUSG00000024960	Plcb3	8.53742852594854	8.81478070071187	8.73972774476186	8.7805604173863	8.67343827528501	8.61857112481945
ENSMUSG00000024962	Vegfb	8.38456521912795	8.41418703138511	8.19897651619142	8.22367873420341	8.29680364915485	8.34099833297547
ENSMUSG00000024963	Dnajc4	7.92139959100253	7.87748534996017	7.85732224938396	7.77688202334895	7.79543018702983	7.807036897797
ENSMUSG00000024965	Fermt3	7.74880931464274	7.69071976901655	7.65554685409478	7.619490246537	7.63837969696932	7.55241479474891
ENSMUSG00000024966	Stip1	9.65275704899443	9.42050232559594	9.573362370836	9.65527124233556	9.52900716200939	9.36570224946997
ENSMUSG00000024968	Rcor2	7.51072996706155	7.66438239001078	7.5397588281332	7.59556676799289	7.69660401443842	7.59118601885856
ENSMUSG00000024969	Mark2	8.44710446506785	8.6439129036139	8.49913005723016	8.58940800017493	8.49769595061531	8.30477021510553
ENSMUSG00000024970	Spindoc	8.26511668745393	7.99703863536416	8.28297977258308	8.05919984405968	8.0422549841702	8.12047691925504
ENSMUSG00000024972	Lgals12	7.19030775527518	7.21921004677553	7.08743043505694	6.81787819900811	6.92179713828805	7.19406889549228
ENSMUSG00000024973	Plaat5	6.69309390772734	6.69309390772734	6.69309390772734	6.81787819900811	6.69309390772734	6.69309390772734
ENSMUSG00000024974	Smc3	9.16787238089942	9.21384109428401	9.29397601181975	9.31530279647794	9.29790475835701	9.284641078019
ENSMUSG00000024975	Pdcd4	9.11594355217924	8.8655446930084	9.0658122122522	8.90366240489529	8.80721777674282	9.00499552225998
ENSMUSG00000024976	Shoc2	8.51546429345386	8.61122447267851	8.63170301108027	8.63846308229387	8.71219874061258	8.73709797730015
ENSMUSG00000024978	Gpam	8.8820431533207	9.07054165322089	8.99235730797218	8.81506678081634	8.82482768703998	8.90941855401634
ENSMUSG00000024979	Tectb	6.69309390772734	6.92942181245522	6.69309390772734	6.69309390772734	6.69309390772734	6.69309390772734
ENSMUSG00000024981	Acsl5	8.66164321366158	8.5945553799363	8.7634102367241	8.41865068630935	8.47866783409437	8.59347002920801
ENSMUSG00000024982	Zdhhc6	8.50209496821285	8.57197820025438	8.58306519770873	8.47139523701484	8.53854656595052	8.47974793946694
ENSMUSG00000024983	Vti1a	8.0683755321064	8.36118356570591	8.14800931090451	8.30561486121947	8.40758535344444	8.21388996863441
ENSMUSG00000024985	Tcf7l2	8.15613392128995	8.1210467356186	8.25368281864538	8.0189912289542	8.17926938905159	8.23363175009872
ENSMUSG00000024986	Hhex	7.47360118375815	7.50203452827781	7.51439283053638	7.24789523802139	7.49744871490815	7.4903018946431
ENSMUSG00000024987	Cyp26a1	6.69309390772734	6.86029628209775	6.90434364114117	6.69309390772734	6.82522789473628	6.69309390772734
ENSMUSG00000024989	Cep55	8.07488530046506	8.1210467356186	8.03111614207647	8.05425651805912	8.24189700903079	7.70578729372863
ENSMUSG00000024990	Rbp4	7.44773245913554	7.51827916543745	7.56430648825622	7.24789523802139	7.08839667164651	7.55241479474891
ENSMUSG00000024991	Eif3a	10.2115599215719	10.3152315884573	10.3761550874433	10.3837108654653	10.3703116902607	10.3903997454591
ENSMUSG00000024992	Pde6c	6.69309390772734	6.69309390772734	6.69309390772734	6.69309390772734	6.69309390772734	6.69309390772734
ENSMUSG00000024993	Fam45a	8.38456521912795	8.19387817028038	8.30589384029759	8.30561486121947	8.38707109325938	8.4916048380522
ENSMUSG00000024997	Prdx3	9.17055092920241	8.89685116822534	9.00217116371823	8.9085483786674	8.90400116552772	9.08178142953585
ENSMUSG00000024998	Plce1	7.98696384952957	8.18601747156332	7.94004602305768	8.26537679550408	8.22299384601863	8.38046428606518
ENSMUSG00000024999	Noc3l	7.83490841212798	7.81177968722202	7.79489457320354	7.98778883427011	7.89125644847401	7.83607603017946
ENSMUSG00000025001	Hells	7.97275459768866	7.95873900758381	7.91594717137024	8.05919984405968	8.0422549841702	7.84319886085153
ENSMUSG00000025002	Cyp2c55	6.83727858405132	6.69309390772734	6.69309390772734	6.69309390772734	6.69309390772734	6.69309390772734
ENSMUSG00000025003	Cyp2c39	6.69309390772734	6.69309390772734	6.69309390772734	6.69309390772734	6.69309390772734	6.69309390772734
ENSMUSG00000025004	Cyp2c40	6.69309390772734	6.69309390772734	6.69309390772734	6.69309390772734	6.69309390772734	6.69309390772734
ENSMUSG00000025006	Sorbs1	8.36965626212087	9.29175249345463	9.11463205715289	9.5695561434577	9.29790475835701	8.87789061137841
ENSMUSG00000025007	Aldh18a1	8.93734845443544	8.80533416560854	8.96582668660804	8.74786872885131	8.69940923059631	8.70102350749055
ENSMUSG00000025008	Tctn3	7.69292847980337	7.82305025841794	7.56430648825622	7.72287213317873	7.55691638056771	7.71399499446393
ENSMUSG00000025010	Ccnj	7.78421668005227	7.84519655136534	7.87443409338318	7.80908440113887	7.79543018702983	7.70578729372863
ENSMUSG00000025013	Tll2	7.19030775527518	7.31424918855216	7.28693123132364	7.51910473503292	7.40968540314945	7.50102147136271
ENSMUSG00000025014	Dntt	6.69309390772734	6.69309390772734	6.69309390772734	6.81787819900811	6.69309390772734	6.69309390772734
ENSMUSG00000025016	Tm9sf3	10.5427267578405	10.65762486761	10.7052879782014	10.7433345959738	10.9149264316911	10.8591766412914
ENSMUSG00000025017	Pik3ap1	7.64344077437085	7.56501043453689	7.55213047081331	7.61159402064209	7.50769446997602	7.56228934379988
ENSMUSG00000025019	Lcor	7.01496686044172	7.24458786407488	7.30494214112459	7.37053765782871	7.29445649591727	7.11709790375297
ENSMUSG00000025020	Slit1	6.83727858405132	6.86029628209775	6.69309390772734	6.69309390772734	6.69309390772734	6.69309390772734
ENSMUSG00000025024	Smndc1	8.78909633843791	8.74715805175426	8.8430378787135	8.72560302235044	8.81311433171235	8.76587656339372
ENSMUSG00000025025	Mxi1	8.77834586266099	8.82882286292515	8.90761740209233	8.98665846884532	8.9915751019344	9.13302797622993
ENSMUSG00000025026	Add3	10.1252917813994	10.1665749653379	10.3154097131649	10.2245108716763	10.3189128509429	10.1651900491051
ENSMUSG00000025027	Xpnpep1	9.47612807114506	9.3963099319421	9.25671752658804	9.29351068813491	9.31619688235462	9.24774445977507
ENSMUSG00000025034	Trim8	8.86868438136711	8.89242433335341	8.8649204492914	8.84356446637563	8.72800762897763	8.74996807370758
ENSMUSG00000025035	Arl3	8.95946337458644	8.69658144056899	8.77120852422287	8.92550777998667	8.83354394301793	8.93466333684394
ENSMUSG00000025036	Sfxn2	8.06182589418193	7.98759663051025	7.97897561937507	8.15358676611237	7.990421432409	7.93779625489655
ENSMUSG00000025041	Nt5c2	8.28140891520872	8.29856684610638	8.37205835560157	8.15358676611237	8.26509404848682	8.34988318664015
ENSMUSG00000025047	Pdcd11	8.20907080954638	8.2913975766365	8.27717969903295	8.38585696655967	8.22299384601863	8.01830777599235
ENSMUSG00000025049	Taf5	7.59082357054449	7.59466933913055	7.62251956693289	7.60362022152739	7.58500378290221	7.52200294172324
ENSMUSG00000025050	Pcgf6	7.71195185758425	7.87748534996017	7.7856273331507	7.52798695080971	7.75116261263842	7.51158650223789
ENSMUSG00000025060	Slk	8.97503641371064	9.01108273670279	9.09044406686721	9.09689530824337	9.1234998900107	9.06677301235134
ENSMUSG00000025064	Col17a1	6.98110478715535	7.10151841841227	7.11447152579288	6.90909222265366	6.92179713828805	7.02199656034898
ENSMUSG00000025066	Sfr1	10.0160723673441	9.83473671510913	9.95063683871582	9.93762500873563	9.99290125419364	10.0425871272898
ENSMUSG00000025068	Gsto1	8.54610589653639	8.22478315850934	8.44485905821914	8.1399388949485	8.0079867872511	8.1681642375154
ENSMUSG00000025069	Gsto2	7.14735678640726	7.21921004677553	6.95170575136151	7.10567818802144	7.20237706008236	7.09548308286407
ENSMUSG00000025075	Habp2	6.83727858405132	6.69309390772734	6.69309390772734	6.69309390772734	6.69309390772734	6.82761009188626
ENSMUSG00000025076	Casp7	8.31855558467234	8.36118356570591	8.30589384029759	8.2065617195896	8.30126350958609	8.25783703342413
ENSMUSG00000025077	Dclre1a	7.51072996706155	7.66438239001078	7.75725120950875	7.78989762216903	7.79543018702983	7.73816963729095
ENSMUSG00000025078	Nhlrc2	8.27600371708187	8.39458588168653	8.37740813263337	8.51864142146978	8.52014611845788	8.50723728528743
ENSMUSG00000025081	Tdrd1	6.89691715038443	6.86029628209775	6.90434364114117	6.69309390772734	6.69309390772734	6.82761009188626
ENSMUSG00000025082	Vwa2	6.89691715038443	6.86029628209775	6.69309390772734	6.69309390772734	6.69309390772734	6.69309390772734
ENSMUSG00000025083	Afap1l2	10.7166672142812	10.8135273500504	10.8386513253356	10.6639712905256	10.7451390808135	10.5302905448943
ENSMUSG00000025085	Ablim1	8.92454300944601	9.02719920742282	9.05645724121377	8.90121258890062	8.74672426143791	9.0941613996071
ENSMUSG00000025086	Trub1	7.84309828685593	7.72878313978105	7.67686383984754	7.79633729338047	7.82380729472519	7.69750175450004
ENSMUSG00000025089	Gfra1	8.42820603826745	8.74715805175426	8.67014475027652	8.97511604572221	8.93652205738799	9.10398384395177
ENSMUSG00000025090	Ccdc172	6.69309390772734	6.69309390772734	6.69309390772734	6.69309390772734	6.82522789473628	6.69309390772734
ENSMUSG00000025091	Pnliprp2	6.69309390772734	6.69309390772734	6.69309390772734	6.86951062302783	6.69309390772734	6.69309390772734
ENSMUSG00000025092	Hspa12a	10.8337011042346	11.1269270439736	11.0391335575237	11.1546013612821	10.9878917551938	10.954804077346
ENSMUSG00000025094	Slc18a2	7.47360118375815	7.33570294006724	7.37195268803299	7.41342622934044	7.42128731376633	7.63714592866237
ENSMUSG00000025154	Arhgap19	11.1130771255156	11.3960276363153	11.2217600365057	11.8422719238528	11.9343827671257	11.7703300328748
ENSMUSG00000025157	Zdhhc16	8.23182133285786	8.4649468189558	8.44485905821914	8.46449396995092	8.43969499899711	8.2482163643157
ENSMUSG00000025159	Mms19	8.64177625859041	8.55477240028839	8.72772063134401	8.63243495158177	8.7248614426533	8.56415150782977
ENSMUSG00000025171	Ubtd1	8.11938506472517	8.1210467356186	7.97897561937507	7.91105828065956	7.75869132236051	7.76170758361752
ENSMUSG00000025172	Ankrd2	7.24831838251876	7.63719948245307	7.30494214112459	6.90909222265366	6.92179713828805	6.88325973737487
ENSMUSG00000025176	Hoga1	7.31696947023846	7.16418266913408	7.18655222279839	7.24789523802139	7.25041500396184	7.31933121161042
ENSMUSG00000025178	Pi4k2a	8.41864448751268	8.53732441399545	8.52302360378843	8.67987325255492	8.64357080001145	8.4717788041069
ENSMUSG00000025184	R3hcc1l	8.02165585751826	7.94893553669015	7.92404477052335	7.86440838523802	7.89125644847401	7.94421990203063
ENSMUSG00000025185	Loxl4	6.94262189687933	7.02694047235869	6.99158045856975	6.97177358161501	6.95708579526237	7.04822193928885
ENSMUSG00000025188	Hps1	7.75779123359979	7.78882286296001	7.71797418825387	7.82166028445794	7.77356400306609	7.65483418254366
ENSMUSG00000025189	Cnnm1	6.89691715038443	6.69309390772734	6.69309390772734	6.69309390772734	6.69309390772734	6.69309390772734
ENSMUSG00000025190	Got1	8.18585208933739	8.24742111341762	8.21750677971376	8.13074542020377	8.2512322996085	8.20890025999027
ENSMUSG00000025192	Entpd7	7.826647397806	7.72878313978105	7.83106980255017	7.92799898756205	8.03095601703028	8.01830777599235
ENSMUSG00000025193	Cutc	7.43442825115944	7.26879677627666	7.41789192068809	7.40296575511018	7.33532579937589	7.44574364536933
ENSMUSG00000025194	Abcc2	6.69309390772734	6.69309390772734	6.69309390772734	6.69309390772734	6.69309390772734	6.69309390772734
ENSMUSG00000025195	Dnmbp	8.00097995389912	8.23237928038137	8.23573847875822	8.06412033644519	8.19403395388826	8.0985976928779
ENSMUSG00000025196	Cpn1	6.83727858405132	6.69309390772734	6.69309390772734	6.81787819900811	6.69309390772734	6.69309390772734
ENSMUSG00000025197	Cyp2c23	6.69309390772734	6.69309390772734	6.69309390772734	6.69309390772734	6.82522789473628	6.69309390772734
ENSMUSG00000025198	Erlin1	8.20907080954638	8.31277406708146	8.22361661849986	8.33683194276843	8.20377013286913	8.28622498661868
ENSMUSG00000025199	Chuk	8.48857816745224	8.50167001746126	8.52774708936042	8.46794950067211	8.65026924962756	8.4916048380522
ENSMUSG00000025200	Cwf19l1	7.76668497023429	7.7771275919986	7.71797418825387	7.82166028445794	7.71253931549595	7.61907195688392
ENSMUSG00000025202	Scd3	6.69309390772734	6.69309390772734	6.84253668835852	6.86951062302783	6.69309390772734	6.69309390772734
ENSMUSG00000025203	Scd2	12.4467407684927	13.0379935758022	12.8276754760338	13.7836976895855	13.8166897603855	14.074285037118
ENSMUSG00000025204	Ndufb8	9.84118090605054	9.72597197844121	9.67463976009007	9.5962701232839	9.56655651182011	9.67055102765824
ENSMUSG00000025207	Sema4g	8.60932295407031	9.12002005732758	8.80572946759331	9.56053621051508	9.41360190156312	9.23447980471749
ENSMUSG00000025208	Mrpl43	9.01168241312558	8.88352559431977	8.84671055344191	8.9085483786674	9.03701203282633	8.99175668192939
ENSMUSG00000025209	Twnk	8.2867889434762	8.37465741708167	8.26549129081589	8.43294265325558	8.55307204585341	8.54169954872315
ENSMUSG00000025212	Sfxn3	8.84155013957803	9.03518496246097	8.95573913518067	8.77246492081918	8.71537619522108	8.77218533535863
ENSMUSG00000025213	Kazald1	7.19030775527518	7.21921004677553	7.26832418150057	6.99827770286894	7.18527654711123	7.34672009991863
ENSMUSG00000025215	Tlx1	7.04554269140627	6.92942181245522	6.95170575136151	6.90909222265366	6.69309390772734	6.88325973737487
ENSMUSG00000025216	Lbx1	7.01496686044172	7.35641952900921	7.02666402593573	6.86951062302783	6.69309390772734	6.82761009188626
ENSMUSG00000025217	Btrc	7.94372914604354	8.12938051722638	8.06683481353354	8.20224160826547	8.08628627309111	8.15774361873988
ENSMUSG00000025218	Poll	7.89855894136011	7.74111473402587	7.88287829128547	7.79633729338047	7.96046386507574	7.85026899872519
ENSMUSG00000025219	Fgf8	6.69309390772734	6.69309390772734	6.69309390772734	6.69309390772734	6.69309390772734	6.69309390772734
ENSMUSG00000025220	Oga	9.5712495122525	9.52162633997771	9.47106448307759	9.51765076073137	9.61780263168756	9.7369767559663
ENSMUSG00000025221	Kcnip2	6.94262189687933	7.06613893438547	6.84253668835852	7.04527212457743	7.32201590627306	7.21146857957656
ENSMUSG00000025223	Ldb1	9.39683680302537	9.4906338597814	9.43600283529278	9.32964040740912	9.28143699970634	9.23447980471749
ENSMUSG00000025224	Gbf1	8.94687163489798	9.13118414303617	9.05332432557829	9.13446037743905	9.10002927819599	8.83663358279007
ENSMUSG00000025225	Nfkb2	8.25963428093441	8.34068034283015	8.44485905821914	8.49861599095764	8.37459089771717	8.3454491397209
ENSMUSG00000025226	Fbxl15	8.00791758888913	7.84519655136534	7.67686383984754	8.05425651805912	8.13891211570679	8.1150482091113
ENSMUSG00000025227	Mfsd13a	7.36361029071226	7.26879677627666	7.30494214112459	7.55402475117142	7.53760992640835	7.59118601885856
ENSMUSG00000025228	Actr1a	9.92901501535853	10.1559706826728	9.99735802743976	10.1441738937213	10.311983516842	10.059887788367
ENSMUSG00000025229	Pitx3	7.01496686044172	7.13399958654891	7.02666402593573	6.69309390772734	6.69309390772734	6.82761009188626
ENSMUSG00000025231	Sufu	8.1975214121893	8.14586055155956	8.27717969903295	8.32132757207181	8.25587152705765	8.14722405001593
ENSMUSG00000026931	1700019N19Rik	6.69309390772734	6.69309390772734	6.69309390772734	6.81787819900811	6.69309390772734	6.69309390772734
ENSMUSG00000032648	Pygm	8.85857500609021	9.85463640613291	9.16174232766105	8.39688847533536	7.74357052460523	8.33204584321899
ENSMUSG00000032702	Kank1	8.10053724839414	8.07839214432852	8.1545094712382	8.18918079475136	8.13376221341892	8.32754385628643
ENSMUSG00000032773	Chrm1	7.30057450679563	7.43312435918494	7.32240821954365	7.21974477995123	7.32201590627306	7.09548308286407
ENSMUSG00000032808	Cyp2c38	6.69309390772734	6.69309390772734	6.69309390772734	6.69309390772734	6.69309390772734	6.69309390772734
ENSMUSG00000032946	Rasgrp2	8.35961180987265	8.36118356570591	8.41419865027314	8.3521343250553	8.38292556227493	8.63619801642758
ENSMUSG00000033033	Calhm2	7.53448201578797	7.50203452827781	7.59973972763598	7.43386856879857	7.33532579937589	7.57204002277272
ENSMUSG00000033053	1700028P14Rik	6.69309390772734	6.69309390772734	6.69309390772734	6.69309390772734	6.69309390772734	6.69309390772734
ENSMUSG00000033207	Mamdc2	8.03521632839711	8.03397245707075	8.07383692677776	8.13535177467108	7.99630968283033	8.04768364770784
ENSMUSG00000033417	Cacul1	8.70046651088777	8.80533416560854	8.79050049226678	8.86642590628713	8.85934813031565	8.82762037973085
ENSMUSG00000033478	Fam160b1	8.33926294704663	8.32681031752296	8.54180995905046	8.49186747298351	8.46322856934981	8.51497939669384
ENSMUSG00000033610	Pank1	7.59082357054449	7.62326753836702	7.83106980255017	7.99305483800103	7.88471899502938	8.07061138178509
ENSMUSG00000033717	Adra2a	7.97988378123988	7.76528131384049	7.7856273331507	7.95015022201291	7.82380729472519	7.96951474499916
ENSMUSG00000033760	Rbm4b	8.25412555423942	8.12938051722638	8.12161800239865	8.29767830169139	8.13891211570679	8.109592324478
ENSMUSG00000033768	Nrxn2	7.34845668209767	7.4147721724162	7.41789192068809	7.43386856879857	7.49744871490815	7.54241201228059
ENSMUSG00000033863	Klf9	8.70809100685065	8.8655446930084	8.8207816002765	8.71715258378418	8.67343827528501	8.83663358279007
ENSMUSG00000034108	Ccs	8.47031983210937	8.2548683796796	8.43472537066063	8.3521343250553	8.36197809787258	8.44755295711508
ENSMUSG00000034117	Ptgdr2	6.83727858405132	6.86029628209775	6.69309390772734	6.69309390772734	6.69309390772734	6.69309390772734
ENSMUSG00000034321	Exosc1	8.33926294704663	8.29856684610638	8.17378429077021	8.22367873420341	8.18913402923453	8.15774361873988
ENSMUSG00000034336	Ina	6.94262189687933	6.86029628209775	6.99158045856975	7.08659856318549	7.14907911257911	7.15723618563183
ENSMUSG00000034371	Tkfc	7.86725629128219	7.60909465956251	7.71797418825387	7.95561294528924	7.90420238367513	7.85728743008629
ENSMUSG00000034445	Cyb561a3	7.79285881891131	7.86684178414071	7.82215563377793	7.8402156647	7.83768157891377	7.85026899872519
ENSMUSG00000034459	Ifit1	7.19030775527518	7.24458786407488	7.41789192068809	7.20506248841134	7.01619224930028	7.21146857957656
ENSMUSG00000034616	Ssh3	7.43442825115944	7.31424918855216	7.41789192068809	7.45371568996113	7.58500378290221	7.65483418254366
ENSMUSG00000034659	Tmem109	9.39229510208267	9.34344312564958	9.30963791808541	9.06693414618229	9.20695507923138	9.06173260566269
ENSMUSG00000034765	Dusp5	7.34845668209767	7.33570294006724	7.28693123132364	7.30011263982786	7.16753551133035	7.34672009991863
ENSMUSG00000034820	Cpsf7	8.79975816817149	8.85189487491076	8.97250927489252	8.96113114304643	8.87907136594422	8.83663358279007
ENSMUSG00000035049	Rrp12	7.55751159453308	7.84519655136534	7.70787716367183	7.70884313790229	7.74357052460523	7.60988312149206
ENSMUSG00000035171	1110059E24Rik	8.40900620027865	8.2016841993044	8.22361661849986	8.22791786142139	8.31454142157821	8.32302450159154
ENSMUSG00000035173	Ccdc186	8.15613392128995	8.39458588168653	8.24175132106369	8.51864142146978	8.47097269400783	8.4717788041069
ENSMUSG00000035179	Ppp1r32	6.69309390772734	6.92942181245522	6.69309390772734	6.81787819900811	6.69309390772734	6.82761009188626
ENSMUSG00000035283	Adrb1	6.69309390772734	6.86029628209775	6.84253668835852	6.81787819900811	6.69309390772734	6.9259144555803
ENSMUSG00000035342	Lzts2	9.40812592392685	9.80775794770154	9.61767103199614	9.8422857209268	9.70585584815539	9.61604945554128
ENSMUSG00000035372	1810055G02Rik	8.84155013957803	8.76194998327546	8.66593070260045	8.63243495158177	8.72170750325886	8.66046872798496
ENSMUSG00000035735	Dagla	8.34948128442029	8.74715805175426	8.52774708936042	8.9820535437556	8.89850199263473	8.62917687108327
ENSMUSG00000035783	Acta2	9.61840742035469	9.70902604685656	9.80221880884288	8.70294313165887	8.72170750325886	9.5593288950956
ENSMUSG00000035804	Ins1	6.69309390772734	6.69309390772734	6.69309390772734	6.69309390772734	6.69309390772734	6.69309390772734
ENSMUSG00000035818	Plekhs1	6.89691715038443	7.06613893438547	6.90434364114117	6.99827770286894	6.98814330505843	6.99344748971509
ENSMUSG00000035885	Cox8a	11.0396620859799	10.7234672118659	10.55607406519	10.5085171409515	10.5815258248267	10.6649428830124
ENSMUSG00000036097	Slf2	8.20907080954638	8.20943645980547	8.26549129081589	8.28968712086001	8.28783216935718	8.20388838686729
ENSMUSG00000036098	Myrf	7.40701081549491	7.4147721724162	7.20826881651068	7.14134511592627	7.26549218942222	7.17601683243959
ENSMUSG00000036192	Rorb	6.89691715038443	6.86029628209775	7.02666402593573	6.90909222265366	6.69309390772734	6.82761009188626
ENSMUSG00000036278	Macrod1	7.89082660743633	8.08705871599216	7.80407018270663	7.58743148284636	7.47651390835236	7.57204002277272
ENSMUSG00000036372	Tmem258	9.34838365975693	9.06276497895787	9.09956565866371	9.13446037743905	9.21132288297361	9.2455426430344
ENSMUSG00000036450	Hif1an	8.44240752152129	8.7170527268569	8.60097098025602	8.54159973554426	8.44759046853201	8.567854306981
ENSMUSG00000036748	Cuedc2	12.5036283476696	12.3488997699482	12.3513574552025	12.758854952943	12.8352190780232	12.9424494199403
ENSMUSG00000036908	Unc93b1	8.5110240118631	8.61122447267851	8.69513941243137	8.33297502908238	8.32331013392727	8.57889701246038
ENSMUSG00000036961	Wnt8b	6.69309390772734	6.69309390772734	6.69309390772734	6.69309390772734	6.69309390772734	6.69309390772734
ENSMUSG00000037071	Scd1	9.72081753389509	10.2184400204465	10.1216807546372	11.1565648450413	11.1798506446242	11.7725609571481
ENSMUSG00000037126	Psd	7.22970941221727	7.50203452827781	7.3393737593904	7.44386353180665	7.38585091417568	7.4903018946431
ENSMUSG00000037263	Aldh3b3	6.69309390772734	6.69309390772734	6.69309390772734	6.69309390772734	6.69309390772734	6.69309390772734
ENSMUSG00000037349	Nudt22	7.61228013243432	7.65090114042147	7.687325786163	7.57090619034878	7.72819051024332	7.59118601885856
ENSMUSG00000037418	Best1	7.01496686044172	7.02694047235869	7.05833993509113	6.94242986723758	6.92179713828805	6.96183502500662
ENSMUSG00000037451	Slc22a20	6.69309390772734	6.69309390772734	6.69309390772734	6.69309390772734	6.69309390772734	6.69309390772734
ENSMUSG00000037477	Tbx10	6.69309390772734	6.69309390772734	6.69309390772734	6.69309390772734	6.69309390772734	6.69309390772734
ENSMUSG00000037578	Pkd2l1	6.69309390772734	6.69309390772734	6.69309390772734	6.69309390772734	6.69309390772734	6.69309390772734
ENSMUSG00000037603	Gm5519	6.69309390772734	6.69309390772734	6.69309390772734	6.69309390772734	6.69309390772734	6.69309390772734
ENSMUSG00000037847	Nmrk1	7.62279887849709	7.63719948245307	7.5397588281332	7.65033799746513	7.81679309693048	7.807036897797
ENSMUSG00000037916	Ndufv1	9.46538397881252	9.37788243468764	9.2100605682585	9.39746729268743	9.27936449608164	9.26305830551926
ENSMUSG00000038155	Gstp2	6.69309390772734	7.19248484467531	7.28693123132364	7.12389182698717	7.14907911257911	7.41033874581665
ENSMUSG00000038274	Fau	11.9951115679199	11.4167642082492	11.5124403616744	11.439715005106	11.6474562529731	11.7429066345348
ENSMUSG00000038498	Catsper1	6.69309390772734	6.69309390772734	6.69309390772734	6.69309390772734	6.69309390772734	6.69309390772734
ENSMUSG00000038658	Ric1	8.21480144858622	8.33376582025567	8.29449338452379	8.40054310067099	8.43174755689465	8.5454699215203
ENSMUSG00000038754	Elovl3	6.89691715038443	6.92942181245522	6.69309390772734	6.69309390772734	6.69309390772734	6.69309390772734
ENSMUSG00000038812	Trmt112	8.83811832656479	8.7221196830211	8.73972774476186	8.67111294303963	8.66356056544598	8.65358169325724
ENSMUSG00000038843	Gcnt1	7.9062311089174	7.92903856940271	7.97897561937507	8.13535177467108	8.09166512457565	8.09305825908048
ENSMUSG00000039097	Rln1	6.83727858405132	6.69309390772734	6.69309390772734	6.69309390772734	6.87989438758328	6.69309390772734
ENSMUSG00000039126	Prune2	7.36361029071226	7.53417735913163	7.48812947150172	7.37053765782871	7.44390942851504	7.44574364536933
ENSMUSG00000039148	Sart1	8.74923194529514	8.83810076217769	8.74767049668579	8.75062497521463	8.64692446749655	8.76587656339372
ENSMUSG00000039330	Tsga10ip	6.69309390772734	6.69309390772734	6.69309390772734	6.69309390772734	6.69309390772734	6.69309390772734
ENSMUSG00000039652	Cpeb3	7.07362543439183	7.29197880876875	7.32240821954365	7.21974477995123	7.08839667164651	7.60058891247527
ENSMUSG00000039699	Batf2	6.89691715038443	7.13399958654891	7.18655222279839	6.94242986723758	6.87989438758328	6.96183502500662
ENSMUSG00000039901	Armh3	8.02165585751826	7.97806739489428	8.02382520386757	8.03928689281578	8.08628627309111	8.05346204942304
ENSMUSG00000039982	Dtx4	8.81033294098558	8.82415898192735	8.85766693745971	8.95643648789532	8.850803337952	8.81550475355115
ENSMUSG00000040018	Cox15	8.404157833162	8.54898369416656	8.4796738831102	8.40781901117036	8.56742922725588	8.37180707858501
ENSMUSG00000040022	Rab11fip2	8.04860457761527	8.02486049474607	8.02382520386757	8.28567076928562	8.24657418804592	8.43525581826587
ENSMUSG00000040065	Pfpl	6.69309390772734	6.69309390772734	6.69309390772734	6.69309390772734	6.69309390772734	6.69309390772734
ENSMUSG00000040105	Plpp6	7.92889813566244	7.82305025841794	8.01648322962674	7.77688202334895	7.81679309693048	7.91168225124242
ENSMUSG00000040247	Tbc1d10c	7.04554269140627	7.19248484467531	7.26832418150057	6.99827770286894	7.04195916933653	7.11709790375297
ENSMUSG00000040385	Ppp1ca	11.2538199027134	11.1825076292558	11.1648266042473	11.3872033281013	11.4774868713237	11.1858099488799
ENSMUSG00000040414	Slc25a28	8.02165585751826	8.12938051722638	8.24175132106369	8.20224160826547	8.00216464664932	8.04768364770784
ENSMUSG00000040451	Sgms1	8.74923194529514	8.73720130390264	8.53714011256562	8.94225167296462	8.83354394301793	8.86330509325813
ENSMUSG00000040565	Btaf1	7.94372914604354	8.31277406708146	8.20518716617803	8.27759597419513	8.31454142157821	8.13125411483173
ENSMUSG00000040663	Clcf1	7.14735678640726	7.21921004677553	7.18655222279839	7.15812373304259	7.06591762400799	7.19406889549228
ENSMUSG00000040901	Kcnk18	6.69309390772734	6.69309390772734	6.69309390772734	6.69309390772734	6.69309390772734	6.69309390772734
ENSMUSG00000040913	Fbxw4	8.11313866091931	8.2016841993044	8.08079359416076	8.05919984405968	8.10234316239566	8.1150482091113
ENSMUSG00000040929	Rfx3	7.76668497023429	7.677652414394	7.65554685409478	7.68008973136093	7.76615801496798	7.79217302290175
ENSMUSG00000041035	Gm17018	7.66358353008054	7.62326753836702	7.74759225548956	7.72980391824678	7.71253931549595	7.67215790780027
ENSMUSG00000041180	Hectd2	7.44773245913554	7.31424918855216	7.44684420354994	7.35935097337391	7.34834815674983	7.27568225113925
ENSMUSG00000041360	Pum3	8.98121474490439	8.88798251228491	8.88644273494202	8.93270977649433	8.89297969331689	8.98909301164228
ENSMUSG00000041362	Shtn1	10.2453948341638	10.5243275277486	10.3737257252201	10.4414301814191	10.4837854820964	10.200106956234
ENSMUSG00000041488	Stx3	7.66358353008054	7.60909465956251	7.62251956693289	7.61159402064209	7.62097382186242	7.57204002277272
ENSMUSG00000041491	Cep78	7.83490841212798	7.91894019283717	7.81315646660906	7.80273262627684	7.86483976854762	7.67215790780027
ENSMUSG00000041731	Pgm5	7.37840570184889	7.54974855731688	7.7856273331507	7.02262818809414	7.01619224930028	7.60058891247527
ENSMUSG00000041845	Rhod	7.65357253641971	7.72878313978105	7.70787716367183	7.56251128870634	7.54732392784919	7.60988312149206
ENSMUSG00000041857	Oosp1	6.69309390772734	6.69309390772734	6.69309390772734	6.69309390772734	6.69309390772734	6.69309390772734
ENSMUSG00000042041	2010003K11Rik	6.69309390772734	6.69309390772734	6.90434364114117	6.69309390772734	6.69309390772734	6.69309390772734
ENSMUSG00000042179	Pnliprp1	6.69309390772734	6.69309390772734	6.69309390772734	6.69309390772734	6.69309390772734	6.69309390772734
ENSMUSG00000042248	Cyp2c37	6.69309390772734	6.69309390772734	6.69309390772734	6.69309390772734	6.69309390772734	6.69309390772734
ENSMUSG00000042372	Dmrt3	6.83727858405132	6.69309390772734	6.69309390772734	6.69309390772734	6.69309390772734	6.69309390772734
ENSMUSG00000042401	Crtac1	6.83727858405132	6.98237416409738	6.90434364114117	6.81787819900811	6.95708579526237	6.69309390772734
ENSMUSG00000042532	Golga7b	7.01496686044172	6.86029628209775	6.95170575136151	6.97177358161501	6.87989438758328	6.9259144555803
ENSMUSG00000042694	Stn1	8.1975214121893	8.04300629231869	8.08770553056773	8.06901825227846	8.10234316239566	8.03015667085617
ENSMUSG00000042729	Wdr74	8.40900620027865	8.34068034283015	8.32836550979011	8.29767830169139	8.23720057624725	8.23851404582707
ENSMUSG00000043488	Frmd8os	6.98110478715535	6.92942181245522	6.69309390772734	6.81787819900811	6.69309390772734	6.82761009188626
ENSMUSG00000043531	Sorcs1	8.74923194529514	9.17852200095206	9.18753712382901	9.55600419322452	9.53591029125098	9.66893035439164
ENSMUSG00000043623	4933412A08Rik	6.69309390772734	6.69309390772734	7.08743043505694	6.90909222265366	6.82522789473628	6.99344748971509
ENSMUSG00000043639	Rbm20	7.14735678640726	7.48542196548252	7.2490610010445	7.15812373304259	6.92179713828805	7.02199656034898
ENSMUSG00000043789	Vwce	6.89691715038443	6.92942181245522	6.69309390772734	6.81787819900811	6.87989438758328	6.69309390772734
ENSMUSG00000043969	Emx2	6.94262189687933	7.02694047235869	6.95170575136151	6.69309390772734	6.69309390772734	6.88325973737487
ENSMUSG00000044026	Slc35g1	7.33291933121816	7.53417735913163	7.43252197226123	7.48246872881774	7.55691638056771	7.31933121161042
ENSMUSG00000044040	Olfr1497	6.69309390772734	6.69309390772734	6.69309390772734	6.69309390772734	6.69309390772734	6.69309390772734
ENSMUSG00000044065	Gm9788	6.69309390772734	6.69309390772734	6.69309390772734	6.69309390772734	6.69309390772734	6.69309390772734
ENSMUSG00000044220	Nkx2-3	6.69309390772734	6.69309390772734	6.69309390772734	6.69309390772734	6.69309390772734	6.69309390772734
ENSMUSG00000044345	Marveld1	9.30786644697461	9.31784180281212	9.32768636542823	9.28616875154242	9.22434261323317	9.28035174780781
ENSMUSG00000044387	2410080I02Rik	6.83727858405132	6.86029628209775	6.69309390772734	6.69309390772734	6.87989438758328	6.69309390772734
ENSMUSG00000044390	Tigd3	7.14735678640726	7.10151841841227	7.18655222279839	7.26142363929337	7.14907911257911	7.11709790375297
ENSMUSG00000044424	Gm9493	9.29082784462506	9.1125255718079	9.25131079556722	9.00492014899582	8.80425941378494	9.21658988870209
ENSMUSG00000044441	Olfr1442	6.69309390772734	6.69309390772734	6.69309390772734	6.69309390772734	6.69309390772734	6.69309390772734
ENSMUSG00000044724	Gpr152	6.69309390772734	6.69309390772734	6.69309390772734	6.69309390772734	6.69309390772734	6.69309390772734
ENSMUSG00000044948	Cfap43	7.51072996706155	7.33570294006724	7.43252197226123	7.38152965659658	7.37359614353372	7.60058891247527
ENSMUSG00000044994	Olfr1426	6.69309390772734	6.69309390772734	6.69309390772734	6.69309390772734	6.69309390772734	6.69309390772734
ENSMUSG00000045030	Olfr1443	6.69309390772734	6.69309390772734	6.69309390772734	6.69309390772734	6.69309390772734	6.69309390772734
ENSMUSG00000045045	Lrfn4	8.26511668745393	8.36118356570591	8.32836550979011	8.43648929857863	8.39531913562256	8.14192644484997
ENSMUSG00000045052	Prlhr	6.69309390772734	6.69309390772734	6.69309390772734	6.69309390772734	6.69309390772734	6.69309390772734
ENSMUSG00000045098	Kmt5b	8.59277599963517	8.75703821615821	8.8356613281894	8.79660078891317	8.76822116348749	8.91788736728957
ENSMUSG00000045104	Gm5514	7.64344077437085	7.65090114042147	7.71797418825387	7.77030441166656	7.88471899502938	7.67215790780027
ENSMUSG00000045126	Olfr1445	6.69309390772734	6.69309390772734	6.69309390772734	6.69309390772734	6.69309390772734	6.69309390772734
ENSMUSG00000045395	Olfr1499	6.69309390772734	6.69309390772734	6.69309390772734	6.69309390772734	6.69309390772734	6.69309390772734
ENSMUSG00000045664	Cdc42ep2	8.0683755321064	8.19387817028038	8.03111614207647	8.11680897028518	8.14914019788861	8.25303680316901
ENSMUSG00000045678	Olfr1489	6.69309390772734	6.69309390772734	6.69309390772734	6.69309390772734	6.69309390772734	6.69309390772734
ENSMUSG00000045826	Ptprcap	7.14735678640726	7.21921004677553	7.13983569495576	6.86951062302783	6.87989438758328	6.99344748971509
ENSMUSG00000045883	Olfr1461	6.69309390772734	6.69309390772734	6.69309390772734	6.69309390772734	6.69309390772734	6.69309390772734
ENSMUSG00000045903	Npas4	6.69309390772734	6.69309390772734	6.84253668835852	6.69309390772734	6.82522789473628	6.82761009188626
ENSMUSG00000045932	Ifit2	7.94372914604354	8.17012833212647	8.21136377323174	8.24054120243576	8.30126350958609	8.24337551396913
ENSMUSG00000046008	Pnlip	6.69309390772734	6.69309390772734	6.69309390772734	6.69309390772734	6.69309390772734	6.69309390772734
ENSMUSG00000046138	9930021J03Rik	8.02165585751826	8.32681031752296	8.27717969903295	8.2816404255567	8.31893400277689	8.2955346493772
ENSMUSG00000046139	Patl1	8.18585208933739	8.24742111341762	8.32836550979011	8.26946427868315	8.2833202337109	8.26261725464785
ENSMUSG00000046230	Vps13a	7.75779123359979	7.90873845827525	7.87443409338318	7.83407074462203	7.84454357050647	7.96324975353429
ENSMUSG00000046272	Olfr1444	6.69309390772734	6.69309390772734	6.69309390772734	6.69309390772734	6.69309390772734	6.69309390772734
ENSMUSG00000046324	Ermp1	8.58860481799122	8.47731116410523	8.64893281049274	8.82550197084511	8.79832234798328	9.01549253037103
ENSMUSG00000046388	Gm9806	6.69309390772734	6.69309390772734	6.69309390772734	6.81787819900811	6.69309390772734	6.82761009188626
ENSMUSG00000046585	Cfap58	6.69309390772734	6.69309390772734	6.69309390772734	6.69309390772734	6.69309390772734	6.69309390772734
ENSMUSG00000046650	Olfr1440	6.69309390772734	6.69309390772734	6.69309390772734	6.69309390772734	6.69309390772734	6.69309390772734
ENSMUSG00000046805	Mpeg1	8.50656761470438	8.47114469880669	8.58306519770873	8.34450799800748	8.41972720276139	8.45162436173796
ENSMUSG00000046913	Olfr1451	6.69309390772734	6.69309390772734	6.69309390772734	6.69309390772734	6.69309390772734	6.69309390772734
ENSMUSG00000047044	D030056L22Rik	8.02845796218936	7.97806739489428	8.06683481353354	8.09794544468687	8.10234316239566	8.03015667085617
ENSMUSG00000047168	Gm6684	6.69309390772734	6.69309390772734	6.69309390772734	6.69309390772734	6.69309390772734	6.69309390772734
ENSMUSG00000047207	Olfr1495	6.69309390772734	6.69309390772734	6.69309390772734	6.69309390772734	6.69309390772734	6.69309390772734
ENSMUSG00000047298	Kcnv2	6.69309390772734	6.69309390772734	6.84253668835852	6.69309390772734	6.69309390772734	6.69309390772734
ENSMUSG00000047368	Abhd17b	8.81033294098558	8.8700631321892	8.85766693745971	9.32428138062703	9.58827701015771	9.2255642845691
ENSMUSG00000047379	B4gat1	8.61342575769279	8.60569272930431	8.56489852630577	8.76159125626415	8.75905214466381	8.91788736728957
ENSMUSG00000047423	AI837181	8.63374108176709	8.7321937990583	8.54646223109827	8.54159973554426	8.63683659677674	8.6006932615958
ENSMUSG00000047509	Gm6776	6.83727858405132	6.86029628209775	6.69309390772734	6.69309390772734	6.82522789473628	6.82761009188626
ENSMUSG00000047604	Frat2	7.61228013243432	7.78882286296001	7.74759225548956	7.68008973136093	7.45494699691135	7.60988312149206
ENSMUSG00000047632	Fgfbp3	7.30057450679563	7.21921004677553	7.26832418150057	7.31244285581093	7.30839975944614	7.33318165246142
ENSMUSG00000047656	Trpt1	7.47360118375815	7.4509950244081	7.40293491349559	7.49180143297029	7.52777009302377	7.63714592866237
ENSMUSG00000047658	Gal3st3	6.69309390772734	6.98237416409738	6.84253668835852	7.06652016341404	6.95708579526237	6.96183502500662
ENSMUSG00000047731	Wbp1l	9.10475142406068	9.22771526587473	9.0965320064151	9.19089169238906	9.05671976979065	9.17313151226824
ENSMUSG00000047733	Tmem262	6.69309390772734	6.69309390772734	6.69309390772734	6.69309390772734	6.69309390772734	6.69309390772734
ENSMUSG00000047787	Flrt1	6.83727858405132	6.92942181245522	6.84253668835852	6.86951062302783	6.87989438758328	6.69309390772734
ENSMUSG00000047810	Ccdc88b	7.36361029071226	7.48542196548252	7.13983569495576	7.34795958750156	7.20237706008236	7.24455586123739
ENSMUSG00000048029	Eno4	6.94262189687933	6.92942181245522	6.84253668835852	6.90909222265366	7.01619224930028	6.82761009188626
ENSMUSG00000048120	Entpd1	8.05523578255906	8.2548683796796	8.36128583854662	8.19790485355493	8.14403802101498	8.39759200138994
ENSMUSG00000048138	Dmrt2	7.19030775527518	6.98237416409738	7.28693123132364	6.81787819900811	7.06591762400799	7.13763452664134
ENSMUSG00000048292	Olfr1417	6.69309390772734	6.69309390772734	6.69309390772734	6.69309390772734	6.69309390772734	6.82761009188626
ENSMUSG00000048356	Olfr1496	6.69309390772734	6.69309390772734	6.69309390772734	6.69309390772734	6.69309390772734	6.69309390772734
ENSMUSG00000048456	Olfr1448	6.69309390772734	6.69309390772734	6.69309390772734	6.69309390772734	6.69309390772734	6.69309390772734
ENSMUSG00000048572	Tmem252	7.30057450679563	7.48542196548252	7.65554685409478	6.97177358161501	6.95708579526237	7.4903018946431
ENSMUSG00000048612	Myof	8.02165585751826	7.89843065187862	7.89125017354595	7.80273262627684	7.76615801496798	7.97574158589548
ENSMUSG00000048720	Tbc1d12	7.93634097752842	7.97806739489428	7.95579714288763	8.08838912561614	8.11291708164748	8.2673776631553
ENSMUSG00000048832	Vps37c	8.31332097753153	8.53145325286478	8.38803598569939	8.69721473802726	8.71854576837879	8.42283199777482
ENSMUSG00000049015	Olfr1467	6.69309390772734	6.69309390772734	6.69309390772734	6.69309390772734	6.69309390772734	6.69309390772734
ENSMUSG00000049134	Nrap	7.7397368959846	8.31981326184936	8.04554835524059	7.30011263982786	7.08839667164651	7.37293538221436
ENSMUSG00000049164	Zfp518a	7.87517655640418	7.90873845827525	7.97897561937507	8.02410202067644	8.09701731434477	8.012332670474
ENSMUSG00000049303	Syt12	6.94262189687933	6.98237416409738	6.90434364114117	7.04527212457743	7.12981657621034	6.9259144555803
ENSMUSG00000049498	Olfr1449	6.69309390772734	6.69309390772734	6.69309390772734	6.69309390772734	6.69309390772734	6.69309390772734
ENSMUSG00000049562	Ap5b1	7.33291933121816	7.4147721724162	7.18655222279839	7.44386353180665	7.33532579937589	7.38564494776553
ENSMUSG00000049670	Morn4	7.95106363906144	7.96844889283512	7.99414202942375	7.96645110225647	8.13376221341892	8.12587878122255
ENSMUSG00000050121	Opalin	6.83727858405132	6.69309390772734	6.84253668835852	6.69309390772734	6.69309390772734	6.82761009188626
ENSMUSG00000050195	Scd4	6.89691715038443	6.69309390772734	6.99158045856975	6.81787819900811	6.82522789473628	6.88325973737487
ENSMUSG00000050370	Ch25h	6.83727858405132	6.69309390772734	6.90434364114117	6.81787819900811	6.69309390772734	6.9259144555803
ENSMUSG00000050623	Catsperz	7.04554269140627	6.86029628209775	6.95170575136151	6.90909222265366	7.01619224930028	6.88325973737487
ENSMUSG00000050815	Olfr1441	6.69309390772734	6.69309390772734	6.69309390772734	6.69309390772734	6.69309390772734	6.69309390772734
ENSMUSG00000050865	Olfr1494	6.69309390772734	6.69309390772734	6.69309390772734	6.69309390772734	6.69309390772734	6.69309390772734
ENSMUSG00000050957	Insl6	6.89691715038443	6.92942181245522	7.08743043505694	6.81787819900811	6.87989438758328	6.9259144555803
ENSMUSG00000051133	Gm6293	6.69309390772734	6.69309390772734	6.69309390772734	6.69309390772734	6.69309390772734	6.69309390772734
ENSMUSG00000051156	Olfr1491	6.69309390772734	6.69309390772734	6.69309390772734	6.69309390772734	6.69309390772734	6.69309390772734
ENSMUSG00000051255	Gm6563	7.40701081549491	7.468417648299	7.50137876158321	7.38152965659658	7.34834815674983	7.37293538221436
ENSMUSG00000051490	Foxd4	6.69309390772734	6.69309390772734	6.69309390772734	6.69309390772734	6.69309390772734	6.69309390772734
ENSMUSG00000051548	Gm6365	6.83727858405132	6.69309390772734	6.69309390772734	6.69309390772734	6.82522789473628	6.69309390772734
ENSMUSG00000051984	Sec31b	6.98110478715535	6.98237416409738	6.95170575136151	6.94242986723758	6.92179713828805	7.02199656034898
ENSMUSG00000052085	Dock8	7.51072996706155	7.43312435918494	7.55213047081331	7.40296575511018	7.39787680991344	7.50102147136271
ENSMUSG00000052188	Gm14964	6.69309390772734	6.86029628209775	6.84253668835852	6.86951062302783	6.69309390772734	6.82761009188626
ENSMUSG00000052387	Trpm3	9.29327497449306	9.57358001896255	9.54082610191057	9.16900232533327	9.15568652993681	8.91224755324659
ENSMUSG00000052562	Slc22a30	6.69309390772734	6.69309390772734	6.69309390772734	6.69309390772734	6.69309390772734	6.69309390772734
ENSMUSG00000052595	A1cf	6.69309390772734	6.69309390772734	6.69309390772734	6.69309390772734	6.69309390772734	6.69309390772734
ENSMUSG00000052920	Prkg1	7.30057450679563	7.53417735913163	7.43252197226123	7.32451803682462	7.40968540314945	7.45714988329324
ENSMUSG00000052942	Glis3	7.04554269140627	7.02694047235869	6.90434364114117	6.99827770286894	7.04195916933653	7.19406889549228
ENSMUSG00000053080	2700081O15Rik	8.61751518629411	8.84731303406348	8.95573913518067	8.75611980139321	8.60261393992359	8.60428929785646
ENSMUSG00000053117	E330013P04Rik	6.89691715038443	6.86029628209775	6.84253668835852	6.81787819900811	6.82522789473628	6.82761009188626
ENSMUSG00000053279	Aldh1a1	7.21039978727346	7.29197880876875	7.11447152579288	7.15812373304259	7.06591762400799	7.27568225113925
ENSMUSG00000053303	Slc22a26	6.69309390772734	6.69309390772734	6.69309390772734	6.69309390772734	6.69309390772734	6.69309390772734
ENSMUSG00000053536	Cstf2t	8.86868438136711	8.87905346744306	8.85402502009575	8.91826620361372	8.97087147321202	8.87789061137841
ENSMUSG00000053617	Sh3pxd2a	10.7604961558012	10.8748644919989	10.8963182576868	10.8129317522855	10.7487981224318	10.674548691198
ENSMUSG00000053799	Exoc6	8.1621414287127	8.47731116410523	8.41419865027314	8.32522294293989	8.34065299982954	8.5454699215203
ENSMUSG00000054200	Ffar4	6.83727858405132	6.92942181245522	6.69309390772734	6.69309390772734	6.82522789473628	6.82761009188626
ENSMUSG00000054237	Fra10ac1	7.86725629128219	7.74111473402587	7.84865119610047	7.87036288987533	7.9295977762195	7.91827504822735
ENSMUSG00000054523	Ms4a5	6.69309390772734	6.69309390772734	6.69309390772734	6.69309390772734	6.69309390772734	6.69309390772734
ENSMUSG00000054526	Olfr1500	6.69309390772734	6.69309390772734	6.69309390772734	6.69309390772734	6.69309390772734	6.69309390772734
ENSMUSG00000054611	Kdm2a	8.84155013957803	9.12747305230472	9.1383928972165	9.08840303923146	9.06160164695763	8.88078831167209
ENSMUSG00000054827	Cyp2c50	6.69309390772734	6.69309390772734	6.69309390772734	6.69309390772734	6.69309390772734	6.69309390772734
ENSMUSG00000054843	Atrnl1	8.11938506472517	8.13765141028649	8.14800931090451	8.22367873420341	8.17926938905159	8.18871739217678
ENSMUSG00000054874	Pcnx3	8.57177917649787	8.72716664918857	8.65746030892354	8.69721473802726	8.57808928730282	8.31848762143379
ENSMUSG00000054999	Naaladl1	6.94262189687933	6.92942181245522	6.95170575136151	6.69309390772734	6.87989438758328	6.96183502500662
ENSMUSG00000055044	Pdlim1	8.26511668745393	8.38133739000094	8.36128583854662	8.06901825227846	8.0589804201379	8.18361445105749
ENSMUSG00000055491	Pprc1	8.28140891520872	8.30569213325015	8.31155244488038	8.24471809189939	8.16931682034135	8.05920919924207
ENSMUSG00000055523	Gucy2g	6.69309390772734	6.69309390772734	6.90434364114117	6.69309390772734	6.82522789473628	6.82761009188626
ENSMUSG00000055895	Oosp2	6.69309390772734	6.69309390772734	6.69309390772734	6.69309390772734	6.69309390772734	6.69309390772734
ENSMUSG00000055933	Oosp3	6.69309390772734	6.69309390772734	6.69309390772734	6.69309390772734	6.69309390772734	6.69309390772734
ENSMUSG00000056078	Lipm	6.69309390772734	6.69309390772734	6.69309390772734	6.69309390772734	6.69309390772734	6.69309390772734
ENSMUSG00000056185	Snx32	7.59082357054449	7.70359244037162	7.47463290702062	7.75700515152371	7.68037060629222	7.67215790780027
ENSMUSG00000056201	Cfl1	12.8467399878399	12.5710725654685	12.6434633036799	12.7061372980998	12.78460417544	12.6015208799525
ENSMUSG00000056209	Npm3	8.637765073862	8.37465741708167	8.33944160154497	8.32132757207181	8.34494899445017	8.32302450159154
ENSMUSG00000056290	Ms4a4b	6.94262189687933	7.33570294006724	6.99158045856975	6.81787819900811	6.82522789473628	6.82761009188626
ENSMUSG00000056481	Cd248	10.0534227329016	9.65692030475602	9.90231601589378	9.53619273788338	9.37932631025212	9.80922492546183
ENSMUSG00000056612	Ppp1r14b	10.043463456226	9.68693242335681	9.73702388397781	9.54078976900214	9.59654157237712	9.47245668470141
ENSMUSG00000056629	Fkbp2	8.62159133729462	8.60569272930431	8.56031508137422	8.57367532579889	8.56027139803849	8.56043763692346
ENSMUSG00000056829	Foxb2	6.69309390772734	6.69309390772734	6.69309390772734	6.69309390772734	6.69309390772734	6.69309390772734
ENSMUSG00000056858	Olfr1502	6.69309390772734	6.69309390772734	6.69309390772734	6.69309390772734	6.69309390772734	6.69309390772734
ENSMUSG00000056917	Sipa1	9.08493806996944	9.22771526587473	9.12953161937664	9.07341099580364	8.92306914380514	8.8032749836283
ENSMUSG00000056999	Ide	8.637765073862	8.77171767570998	8.7943245647096	8.76159125626415	8.73740008813497	8.8032749836283
ENSMUSG00000057240	Ms4a13	6.69309390772734	6.69309390772734	6.69309390772734	6.69309390772734	6.69309390772734	6.69309390772734
ENSMUSG00000057270	Olfr1501	6.69309390772734	6.69309390772734	6.69309390772734	6.69309390772734	6.69309390772734	6.69309390772734
ENSMUSG00000057503	Olfr1459	6.69309390772734	6.69309390772734	6.69309390772734	6.69309390772734	6.69309390772734	6.69309390772734
ENSMUSG00000057506	Bloc1s2	8.66557942513643	8.56053420007218	8.52302360378843	8.52194748352558	8.65360519881946	8.56415150782977
ENSMUSG00000057605	Gm6807	9.0734834134482	8.45245533282161	8.80572946759331	8.39322263140479	8.86783739017019	8.59347002920801
ENSMUSG00000057817	Olfr1446	6.69309390772734	6.69309390772734	6.69309390772734	6.69309390772734	6.69309390772734	6.69309390772734
ENSMUSG00000057858	Fam204a	8.32376684471785	8.26961935187727	8.31718372053183	8.51864142146978	8.63683659677674	8.67752421270602
ENSMUSG00000057990	E030024N20Rik	7.16933416550579	7.02694047235869	6.99158045856975	6.81787819900811	7.10963598772243	6.9259144555803
ENSMUSG00000058078	Olfr1503-ps1	6.69309390772734	6.69309390772734	6.69309390772734	6.69309390772734	6.69309390772734	6.69309390772734
ENSMUSG00000058216	Gstp3	6.69309390772734	6.69309390772734	6.69309390772734	6.86951062302783	6.82522789473628	6.69309390772734
ENSMUSG00000058470	Gm8369	6.83727858405132	6.69309390772734	6.69309390772734	6.69309390772734	6.82522789473628	6.82761009188626
ENSMUSG00000058607	Rpl31-ps20	6.69309390772734	6.69309390772734	6.69309390772734	6.69309390772734	6.87989438758328	6.82761009188626
ENSMUSG00000058624	Gda	7.36361029071226	7.33570294006724	7.38762972207216	7.18992790938474	7.12981657621034	7.19406889549228
ENSMUSG00000058816	Ppp1r2-ps3	6.69309390772734	6.86029628209775	6.69309390772734	6.69309390772734	6.92179713828805	6.69309390772734
ENSMUSG00000058927	Gm10053	9.12704336419774	8.78141193902971	8.94557405386644	8.80454701997921	8.83354394301793	8.94572992891596
ENSMUSG00000059105	Olfr1504	6.69309390772734	6.69309390772734	6.69309390772734	6.69309390772734	6.69309390772734	6.69309390772734
ENSMUSG00000059326	Csf2ra	7.86725629128219	7.82305025841794	7.81315646660906	7.77030441166656	7.76615801496798	7.64603689867907
ENSMUSG00000059363	Fxn	7.85121857150065	7.76528131384049	7.70787716367183	7.70884313790229	7.68852549421525	7.74608418968202
ENSMUSG00000059734	Ndufs8	9.39001861748517	9.30485936508107	9.17613343369952	9.32785639381586	9.19155604816866	9.2455426430344
ENSMUSG00000060049	Olfr235	6.69309390772734	6.69309390772734	6.69309390772734	6.69309390772734	6.69309390772734	6.69309390772734
ENSMUSG00000060224	Pyroxd2	7.56877349924886	7.3959005397719	7.46087593541754	7.52798695080971	7.48705714289802	7.51158650223789
ENSMUSG00000060303	Olfr1447	6.69309390772734	6.69309390772734	6.69309390772734	6.69309390772734	6.69309390772734	6.69309390772734
ENSMUSG00000060556	Olfr1418	6.69309390772734	6.69309390772734	6.69309390772734	6.69309390772734	6.69309390772734	6.69309390772734
ENSMUSG00000060613	Cyp2c70	6.69309390772734	6.69309390772734	6.84253668835852	6.69309390772734	6.69309390772734	6.69309390772734
ENSMUSG00000060675	Plaat3	9.92901501535853	10.0084032652071	9.93912384428309	10.782062529559	10.8866613922625	11.2063311010561
ENSMUSG00000060803	Gstp1	10.110389704764	9.75455345289934	9.71395454748111	9.78053093245128	9.98542613815179	9.90834481934681
ENSMUSG00000060878	Olfr1420	6.69309390772734	6.69309390772734	6.69309390772734	6.81787819900811	6.69309390772734	6.82761009188626
ENSMUSG00000061132	Blnk	7.04554269140627	7.02694047235869	7.05833993509113	7.04527212457743	6.98814330505843	7.07260577057312
ENSMUSG00000061387	Olfr1490	6.69309390772734	6.69309390772734	6.69309390772734	6.69309390772734	6.69309390772734	6.69309390772734
ENSMUSG00000061451	Tmem151a	6.89691715038443	6.69309390772734	6.95170575136151	6.81787819900811	6.69309390772734	6.88325973737487
ENSMUSG00000061637	Olfr1457	6.69309390772734	6.69309390772734	6.69309390772734	6.69309390772734	6.69309390772734	6.69309390772734
ENSMUSG00000061742	Slc22a12	6.69309390772734	6.69309390772734	6.69309390772734	6.69309390772734	6.82522789473628	6.82761009188626
ENSMUSG00000062083	Rpl13a-ps1	7.04554269140627	6.69309390772734	7.02666402593573	6.90909222265366	6.92179713828805	6.96183502500662
ENSMUSG00000062199	Olfr1465	6.69309390772734	6.69309390772734	6.69309390772734	6.69309390772734	6.69309390772734	6.69309390772734
ENSMUSG00000062314	Olfr1505	6.69309390772734	6.69309390772734	6.69309390772734	6.69309390772734	6.69309390772734	6.69309390772734
ENSMUSG00000062376	Borcs7	8.02165585751826	8.06965506175928	8.09457343226041	7.95561294528924	8.20860682389045	8.12587878122255
ENSMUSG00000062432	Cyp26c1	6.69309390772734	6.69309390772734	6.69309390772734	6.69309390772734	6.69309390772734	6.69309390772734
ENSMUSG00000062456	Rpl9-ps6	8.79266005181415	8.53145325286478	8.67434483736535	8.44706713617716	8.43174755689465	8.54169954872315
ENSMUSG00000062488	Ifit3b	7.04554269140627	7.13399958654891	7.02666402593573	6.86951062302783	6.87989438758328	7.13763452664134
ENSMUSG00000062624	Cyp2c67	6.69309390772734	6.69309390772734	6.69309390772734	6.69309390772734	6.69309390772734	6.69309390772734
ENSMUSG00000062844	Olfr1458	6.69309390772734	6.69309390772734	6.69309390772734	6.69309390772734	6.69309390772734	6.69309390772734
ENSMUSG00000062892	Olfr1450	6.69309390772734	6.69309390772734	6.69309390772734	6.69309390772734	6.69309390772734	6.69309390772734
ENSMUSG00000063434	Sorcs3	6.89691715038443	6.69309390772734	6.95170575136151	6.97177358161501	6.82522789473628	6.96183502500662
ENSMUSG00000063586	Gm5513	7.14735678640726	6.69309390772734	6.90434364114117	6.69309390772734	6.92179713828805	6.69309390772734
ENSMUSG00000063590	Slc22a28	6.69309390772734	6.69309390772734	6.69309390772734	6.69309390772734	6.69309390772734	6.69309390772734
ENSMUSG00000063683	Glyat	6.69309390772734	6.69309390772734	6.84253668835852	6.69309390772734	6.69309390772734	6.69309390772734
ENSMUSG00000063698	Sfxn4	7.34845668209767	7.51827916543745	7.22907080466996	7.57090619034878	7.43269231567761	7.52200294172324
ENSMUSG00000063754	Gm10136	8.58441965155022	7.93903618702169	8.39331455366736	7.89960185140621	8.37040152622832	8.21885774537933
ENSMUSG00000063777	Olfr1469	6.69309390772734	6.69309390772734	6.69309390772734	6.69309390772734	6.69309390772734	6.69309390772734
ENSMUSG00000063796	Slc22a8	6.83727858405132	6.69309390772734	6.69309390772734	6.86951062302783	6.87989438758328	6.82761009188626
ENSMUSG00000063904	Dpp3	8.91485659258212	8.94458766922239	8.94216824103847	8.81768344853126	8.87346643151497	8.69435358827865
ENSMUSG00000064032	Gm10143	6.94262189687933	6.92942181245522	7.05833993509113	6.90909222265366	6.92179713828805	6.69309390772734
ENSMUSG00000064105	Cnnm2	7.63318428334485	7.70359244037162	7.687325786163	7.52798695080971	7.52777009302377	7.60988312149206
ENSMUSG00000064202	4430402I18Rik	7.28369726987596	7.19248484467531	7.11447152579288	7.08659856318549	7.04195916933653	7.11709790375297
ENSMUSG00000064400	Gm23927	6.69309390772734	6.69309390772734	6.69309390772734	6.69309390772734	6.69309390772734	6.69309390772734
ENSMUSG00000064646	Gm23300	6.69309390772734	6.69309390772734	6.69309390772734	6.69309390772734	6.69309390772734	6.69309390772734
ENSMUSG00000064721	Gm25855	6.69309390772734	6.69309390772734	6.69309390772734	6.69309390772734	6.69309390772734	6.69309390772734
ENSMUSG00000064783	Gm22684	6.69309390772734	6.69309390772734	6.69309390772734	6.69309390772734	6.69309390772734	6.69309390772734
ENSMUSG00000064824	Gm22443	6.69309390772734	6.69309390772734	6.69309390772734	6.69309390772734	6.69309390772734	6.69309390772734
ENSMUSG00000064843	Gm26207	6.69309390772734	6.69309390772734	6.69309390772734	6.69309390772734	6.69309390772734	6.69309390772734
ENSMUSG00000064941	Gm23238	6.69309390772734	6.69309390772734	6.69309390772734	6.69309390772734	6.69309390772734	6.69309390772734
ENSMUSG00000065087	Snord22	6.69309390772734	6.69309390772734	6.69309390772734	6.69309390772734	6.69309390772734	6.69309390772734
ENSMUSG00000065143	Gm25644	6.69309390772734	6.69309390772734	6.69309390772734	6.69309390772734	6.69309390772734	6.69309390772734
ENSMUSG00000065159	Gm25482	6.69309390772734	6.69309390772734	6.69309390772734	6.69309390772734	6.69309390772734	6.69309390772734
ENSMUSG00000065204	Gm24610	6.69309390772734	6.69309390772734	6.69309390772734	6.69309390772734	6.69309390772734	6.69309390772734
ENSMUSG00000065280	Gm24453	6.69309390772734	6.69309390772734	6.69309390772734	6.69309390772734	6.69309390772734	6.69309390772734
ENSMUSG00000065281	Gm24452	6.69309390772734	6.69309390772734	6.69309390772734	6.69309390772734	6.69309390772734	6.69309390772734
ENSMUSG00000065305	Gm23246	6.69309390772734	6.69309390772734	6.69309390772734	6.69309390772734	6.69309390772734	6.69309390772734
ENSMUSG00000065378	Gm22744	6.69309390772734	6.69309390772734	6.69309390772734	6.69309390772734	6.69309390772734	6.69309390772734
ENSMUSG00000065380	Gm23095	6.69309390772734	6.69309390772734	6.69309390772734	6.69309390772734	6.69309390772734	6.69309390772734
ENSMUSG00000065392	Gm25894	6.69309390772734	6.69309390772734	6.69309390772734	6.69309390772734	6.69309390772734	6.69309390772734
ENSMUSG00000065507	Mir204	6.69309390772734	6.69309390772734	6.69309390772734	6.69309390772734	6.69309390772734	6.69309390772734
ENSMUSG00000065523	Mir192	6.69309390772734	6.69309390772734	6.69309390772734	6.69309390772734	6.69309390772734	6.69309390772734
ENSMUSG00000065556	Mir101b	6.69309390772734	6.69309390772734	6.69309390772734	6.69309390772734	6.69309390772734	6.69309390772734
ENSMUSG00000065582	Mir194-2	6.69309390772734	6.69309390772734	6.69309390772734	6.69309390772734	6.69309390772734	6.69309390772734
ENSMUSG00000065594	Mir107	6.69309390772734	6.69309390772734	6.69309390772734	6.69309390772734	6.69309390772734	6.69309390772734
ENSMUSG00000065634	Gm24252	6.69309390772734	6.69309390772734	6.69309390772734	6.69309390772734	6.69309390772734	6.69309390772734
ENSMUSG00000065782	Gm22680	6.69309390772734	6.69309390772734	6.69309390772734	6.69309390772734	6.69309390772734	6.69309390772734
ENSMUSG00000065892	Gm24521	6.69309390772734	6.69309390772734	6.69309390772734	6.69309390772734	6.69309390772734	6.69309390772734
ENSMUSG00000067038	Rps12-ps3	9.11872709631408	8.69658144056899	8.8430378787135	8.56732617802529	8.68323966530662	8.89231546572861
ENSMUSG00000067063	Gm6990	6.69309390772734	6.69309390772734	6.69309390772734	6.69309390772734	6.69309390772734	6.69309390772734
ENSMUSG00000067085	Gm10197	6.69309390772734	6.69309390772734	6.69309390772734	6.69309390772734	6.95708579526237	6.99344748971509
ENSMUSG00000067199	Frat1	7.33291933121816	7.33570294006724	7.16379428092114	7.33635258562687	7.20237706008236	7.2603434799828
ENSMUSG00000067225	Cyp2c54	6.69309390772734	6.69309390772734	6.69309390772734	6.69309390772734	6.69309390772734	6.69309390772734
ENSMUSG00000067229	Cyp2c66	6.69309390772734	6.69309390772734	6.69309390772734	6.69309390772734	6.69309390772734	6.69309390772734
ENSMUSG00000067231	Cyp2c65	6.69309390772734	6.69309390772734	6.69309390772734	6.69309390772734	6.69309390772734	6.69309390772734
ENSMUSG00000067242	Lgi1	8.1975214121893	8.31981326184936	8.38803598569939	8.8358540644193	8.93115735252968	8.88367961675035
ENSMUSG00000067279	Ppp1r3c	7.71195185758425	7.74111473402587	7.83106980255017	7.39233618712362	7.26549218942222	7.41033874581665
ENSMUSG00000067297	Ifit1bl2	6.89691715038443	6.69309390772734	6.69309390772734	6.86951062302783	6.87989438758328	6.82761009188626
ENSMUSG00000067351	Rps15a-ps2	6.69309390772734	6.69309390772734	6.69309390772734	6.69309390772734	6.69309390772734	6.69309390772734
ENSMUSG00000067482	Olfr1456-ps1	6.69309390772734	6.69309390772734	6.69309390772734	6.69309390772734	6.69309390772734	6.69309390772734
ENSMUSG00000067513	Olfr1436	6.69309390772734	6.69309390772734	6.69309390772734	6.69309390772734	6.69309390772734	6.69309390772734
ENSMUSG00000067519	Olfr262	6.69309390772734	6.69309390772734	6.69309390772734	6.69309390772734	6.69309390772734	6.69309390772734
ENSMUSG00000067522	Olfr76	6.69309390772734	6.69309390772734	6.69309390772734	6.69309390772734	6.69309390772734	6.69309390772734
ENSMUSG00000067524	Olfr1428	6.69309390772734	6.69309390772734	6.69309390772734	6.69309390772734	6.69309390772734	6.69309390772734
ENSMUSG00000067525	Olfr1427	6.69309390772734	6.69309390772734	6.69309390772734	6.69309390772734	6.69309390772734	6.69309390772734
ENSMUSG00000067526	Olfr1425	6.69309390772734	6.69309390772734	6.69309390772734	6.69309390772734	6.69309390772734	6.69309390772734
ENSMUSG00000067528	Olfr1424	6.69309390772734	6.69309390772734	6.69309390772734	6.69309390772734	6.69309390772734	6.69309390772734
ENSMUSG00000067529	Olfr1423	6.69309390772734	6.69309390772734	6.69309390772734	6.69309390772734	6.69309390772734	6.69309390772734
ENSMUSG00000067545	Olfr1419	6.69309390772734	6.69309390772734	6.69309390772734	6.69309390772734	6.69309390772734	6.69309390772734
ENSMUSG00000067555	Gm10212	6.69309390772734	6.69309390772734	6.69309390772734	6.69309390772734	6.69309390772734	6.69309390772734
ENSMUSG00000067571	Ms4a15	6.69309390772734	6.69309390772734	6.69309390772734	6.69309390772734	6.69309390772734	6.69309390772734
ENSMUSG00000067577	A430093F15Rik	6.69309390772734	6.69309390772734	6.69309390772734	6.69309390772734	6.69309390772734	6.69309390772734
ENSMUSG00000067608	Pcna-ps2	7.61228013243432	7.56501043453689	7.55213047081331	7.67274894724056	7.49744871490815	7.56228934379988
ENSMUSG00000067656	Slc22a27	6.69309390772734	6.69309390772734	6.69309390772734	6.69309390772734	6.69309390772734	6.69309390772734
ENSMUSG00000067872	Ccdc87	6.69309390772734	6.69309390772734	6.84253668835852	6.86951062302783	6.82522789473628	6.88325973737487
ENSMUSG00000067889	Sptbn2	6.69309390772734	6.69309390772734	6.84253668835852	6.90909222265366	6.82522789473628	6.69309390772734
ENSMUSG00000068466	Gm5518	8.0683755321064	7.81177968722202	7.91594717137024	7.98778883427011	7.81679309693048	8.02424895196817
ENSMUSG00000069475	Gm6020	6.69309390772734	6.69309390772734	6.69309390772734	6.69309390772734	6.69309390772734	6.69309390772734
ENSMUSG00000069554	I830134H01Rik	6.69309390772734	6.69309390772734	6.84253668835852	6.69309390772734	6.69309390772734	6.69309390772734
ENSMUSG00000069833	Ahnak	11.0538043081831	11.2234571516093	11.225789595936	11.4287967206489	11.3453072436656	11.8204274479271
ENSMUSG00000070127	Mir146b	6.69309390772734	6.69309390772734	6.69309390772734	6.69309390772734	6.69309390772734	6.69309390772734
ENSMUSG00000070167	Snora57	6.69309390772734	6.86029628209775	6.69309390772734	6.69309390772734	6.69309390772734	6.69309390772734
ENSMUSG00000070263	Gm22365	6.69309390772734	6.69309390772734	6.69309390772734	6.69309390772734	6.69309390772734	6.69309390772734
ENSMUSG00000071497	Nutf2-ps1	9.34838365975693	9.17493891665911	9.14426822986976	8.99582067900674	9.092907439313	8.95122864408359
ENSMUSG00000071528	Atp5md	9.71000327116987	9.38405240863234	9.53642976427456	9.25074472016326	9.32022879867817	9.48176429865422
ENSMUSG00000071573	Rnls	7.12422198610358	7.13399958654891	6.99158045856975	7.26142363929337	7.21889962041941	7.15723618563183
ENSMUSG00000071604	Fam189a2	8.48857816745224	8.51367005247638	8.31718372053183	8.2816404255567	8.36197809787258	8.41447757237578
ENSMUSG00000071629	Olfr1477	6.69309390772734	6.69309390772734	6.69309390772734	6.69309390772734	6.69309390772734	6.69309390772734
ENSMUSG00000071633	Gm4952	6.83727858405132	6.69309390772734	6.69309390772734	6.69309390772734	6.69309390772734	6.82761009188626
ENSMUSG00000071640	Stxbp3-ps	6.69309390772734	6.69309390772734	6.69309390772734	6.69309390772734	6.69309390772734	6.69309390772734
ENSMUSG00000071644	Eef1g	11.9554300352485	11.8899826234439	11.8850605415904	11.7682143230294	11.7232392890337	11.6383144943352
ENSMUSG00000071645	Tut1	8.08135578844196	7.99703863536416	8.13489292194784	7.99305483800103	7.94205766378108	7.89163643248749
ENSMUSG00000071646	Mta2	9.68995738549844	9.82804041547959	9.78941992166015	9.86187690532971	9.74195886616143	9.74006259635109
ENSMUSG00000071647	Eml3	8.1681165874905	8.32681031752296	8.38803598569939	8.30165335422629	8.27879061934747	8.4916048380522
ENSMUSG00000071648	Rom1	7.30057450679563	7.50203452827781	7.51439283053638	7.44386353180665	7.51779988354451	7.65483418254366
ENSMUSG00000071649	B3gat3	8.58441965155022	8.58331788700735	8.56489852630577	8.53834601599386	8.55307204585341	8.56043763692346
ENSMUSG00000071650	Ganab	10.2317073167547	10.3040862024801	10.3380264636356	10.3676324495423	10.3248255579798	10.2832959483797
ENSMUSG00000071652	Ints5	8.404157833162	8.47114469880669	8.33944160154497	8.37472229715372	8.36197809787258	8.33204584321899
ENSMUSG00000071653	1810009A15Rik	8.31332097753153	8.42707866271315	8.36128583854662	8.19355130125074	8.20860682389045	8.2482163643157
ENSMUSG00000071654	Uqcc3	8.30278073048718	8.1210467356186	8.18645126875817	7.88801081691082	8.10234316239566	8.05920919924207
ENSMUSG00000071655	Ubxn1	9.73688390189481	9.74033559603546	9.6963995397942	9.66369997171055	9.64034210852071	9.89736367976606
ENSMUSG00000071656	Lrrn4cl	7.66358353008054	7.59466933913055	7.687325786163	7.34795958750156	7.51779988354451	7.64603689867907
ENSMUSG00000071657	Bscl2	8.58860481799122	8.6439129036139	8.60540764210339	8.55774121105293	8.69619170745617	8.567854306981
ENSMUSG00000071658	Gng3	7.39286572223634	7.02694047235869	7.3393737593904	7.21974477995123	7.32201590627306	7.21146857957656
ENSMUSG00000071659	Hnrnpul2	10.1949771700827	10.3120560859116	10.2532803209874	10.3058909625907	10.2655888988517	10.357911085593
ENSMUSG00000071660	Ttc9c	8.5286897557595	8.31981326184936	8.34494073506045	8.56413940242254	8.57808928730282	8.29088916754629
ENSMUSG00000071661	Zbtb3	7.33291933121816	7.53417735913163	7.30494214112459	7.26142363929337	7.20237706008236	7.31933121161042
ENSMUSG00000071662	Polr2g	9.38087481336463	8.97409041880478	9.15594271327168	9.07125552338736	9.29380639222383	9.12582547044868
ENSMUSG00000071691	Gm960	6.83727858405132	6.69309390772734	6.84253668835852	6.69309390772734	6.87989438758328	6.69309390772734
ENSMUSG00000072437	Nanos1	7.43442825115944	7.26879677627666	7.35587731372626	7.35935097337391	7.28016274605281	7.11709790375297
ENSMUSG00000074733	Zfp950	8.1255959345818	8.14586055155956	8.14147064638084	8.18918079475136	8.12338931801714	8.012332670474
ENSMUSG00000074746	Pdzd8	8.55472283638438	8.7221196830211	8.77895993314859	8.81506678081634	8.85650607553068	8.90658345553332
ENSMUSG00000074811	Hps6	7.57987549335572	7.48542196548252	7.58810376126877	7.55402475117142	7.30839975944614	7.60988312149206
ENSMUSG00000074818	Pdzd7	6.83727858405132	6.98237416409738	7.05833993509113	7.14134511592627	6.98814330505843	7.02199656034898
ENSMUSG00000074852	Hpse2	6.69309390772734	6.69309390772734	6.69309390772734	6.69309390772734	6.69309390772734	6.82761009188626
ENSMUSG00000074882	Cyp2c68	6.69309390772734	6.69309390772734	6.69309390772734	6.69309390772734	6.69309390772734	6.69309390772734
ENSMUSG00000074896	Ifit3	7.34845668209767	7.53417735913163	7.46087593541754	7.17429831353796	7.20237706008236	7.58167095023404
ENSMUSG00000074909	Ranbp6	8.03521632839711	7.94893553669015	7.97897561937507	7.9610464426141	8.0079867872511	8.26261725464785
ENSMUSG00000074913	Gm815	6.69309390772734	6.69309390772734	6.69309390772734	6.69309390772734	6.69309390772734	6.69309390772734
ENSMUSG00000074922	Fam122a	7.77549274356882	7.74111473402587	7.7856273331507	7.80908440113887	7.68852549421525	7.60058891247527
ENSMUSG00000074925	Ptar1	8.69663709476003	8.62221530696981	8.75949331750951	8.61417528880331	8.71537619522108	8.65012405580708
ENSMUSG00000075010	AW112010	7.36361029071226	7.24458786407488	7.38762972207216	7.08659856318549	6.87989438758328	7.04822193928885
ENSMUSG00000075044	Slc22a29	6.69309390772734	6.69309390772734	6.69309390772734	6.69309390772734	6.69309390772734	6.69309390772734
ENSMUSG00000075227	Znhit2	8.23182133285786	8.2016841993044	8.12161800239865	8.24054120243576	8.18913402923453	8.24337551396913
ENSMUSG00000075268	Gm10819	8.21480144858622	8.23237928038137	8.29449338452379	8.45406796802087	8.25587152705765	8.30016160762907
ENSMUSG00000075289	Carns1	8.34438320315892	8.60569272930431	8.50874335134255	9.16498411403815	9.03949145733469	9.17313151226824
ENSMUSG00000075296	Aldh3b2	6.83727858405132	6.86029628209775	6.99158045856975	6.86951062302783	6.69309390772734	6.9259144555803
ENSMUSG00000075908	Gm23940	6.69309390772734	6.69309390772734	6.69309390772734	6.69309390772734	6.69309390772734	6.69309390772734
ENSMUSG00000076136	Gm24951	6.69309390772734	6.69309390772734	6.69309390772734	6.69309390772734	6.69309390772734	6.69309390772734
ENSMUSG00000076300	Gm23060	6.69309390772734	6.69309390772734	6.69309390772734	6.69309390772734	6.69309390772734	6.69309390772734
ENSMUSG00000076303	Gm23061	6.69309390772734	6.69309390772734	6.69309390772734	6.69309390772734	6.69309390772734	6.69309390772734
ENSMUSG00000076305	Gm23063	6.69309390772734	6.69309390772734	6.69309390772734	6.69309390772734	6.69309390772734	6.69309390772734
ENSMUSG00000076323	Gm26339	6.69309390772734	6.69309390772734	6.69309390772734	6.69309390772734	6.69309390772734	6.69309390772734
ENSMUSG00000076370	Gm22369	6.69309390772734	6.69309390772734	6.69309390772734	6.69309390772734	6.69309390772734	6.69309390772734
ENSMUSG00000077055	Gm24543	6.69309390772734	6.69309390772734	6.69309390772734	6.69309390772734	6.69309390772734	6.69309390772734
ENSMUSG00000077205	Gm25611	6.69309390772734	6.69309390772734	6.69309390772734	6.69309390772734	6.69309390772734	6.69309390772734
ENSMUSG00000077223	Gm22271	6.69309390772734	6.69309390772734	6.69309390772734	6.69309390772734	6.69309390772734	6.69309390772734
ENSMUSG00000077227	Gm22272	6.69309390772734	6.69309390772734	6.69309390772734	6.69309390772734	6.69309390772734	6.69309390772734
ENSMUSG00000077291	Gm24124	6.69309390772734	6.69309390772734	6.69309390772734	6.69309390772734	6.69309390772734	6.69309390772734
ENSMUSG00000077391	Gm24336	6.69309390772734	6.69309390772734	6.69309390772734	6.69309390772734	6.69309390772734	6.69309390772734
ENSMUSG00000077768	Gm25216	6.69309390772734	6.69309390772734	6.69309390772734	6.69309390772734	6.69309390772734	6.69309390772734
ENSMUSG00000078528	Gm17068	6.69309390772734	6.69309390772734	6.69309390772734	6.69309390772734	6.69309390772734	6.69309390772734
ENSMUSG00000079258	Calhm1	6.69309390772734	6.69309390772734	6.69309390772734	6.69309390772734	6.69309390772734	6.69309390772734
ENSMUSG00000079339	Ifit1bl1	6.69309390772734	6.92942181245522	6.90434364114117	6.94242986723758	6.95708579526237	6.99344748971509
ENSMUSG00000079342	Lipo1	6.69309390772734	6.69309390772734	6.69309390772734	6.69309390772734	6.69309390772734	6.69309390772734
ENSMUSG00000079344	Lipo4	6.69309390772734	6.69309390772734	6.69309390772734	6.69309390772734	6.69309390772734	6.69309390772734
ENSMUSG00000079382	Gm3443	6.69309390772734	6.69309390772734	6.69309390772734	6.69309390772734	6.69309390772734	6.69309390772734
ENSMUSG00000079415	Cntf	7.21039978727346	7.60909465956251	7.37195268803299	8.3821569826634	8.32766995865389	9.29104991498396
ENSMUSG00000079419	Ms4a6c	7.76668497023429	7.69071976901655	7.687325786163	7.70884313790229	7.67213741125678	7.68068916965749
ENSMUSG00000079467	Gm14966	6.83727858405132	6.86029628209775	6.84253668835852	6.90909222265366	6.82522789473628	6.96183502500662
ENSMUSG00000079478	Znrd2	7.826647397806	7.96844889283512	7.687325786163	7.91673723980772	7.7359136458996	7.91827504822735
ENSMUSG00000080268	Brms1	8.27600371708187	8.23992500279248	8.20518716617803	7.98778883427011	8.09701731434477	8.10410893235852
ENSMUSG00000080544	Gm22714	6.69309390772734	6.69309390772734	6.69309390772734	6.69309390772734	6.69309390772734	6.69309390772734
ENSMUSG00000080626	Mir1192	6.69309390772734	6.69309390772734	6.69309390772734	6.69309390772734	6.69309390772734	6.69309390772734
ENSMUSG00000080659	Gm24484	6.69309390772734	6.69309390772734	6.69309390772734	6.69309390772734	6.69309390772734	6.69309390772734
ENSMUSG00000080678	Gm23334	6.69309390772734	6.69309390772734	6.69309390772734	6.69309390772734	6.69309390772734	6.69309390772734
ENSMUSG00000080783	Gm8250	6.69309390772734	6.86029628209775	6.95170575136151	6.86951062302783	6.92179713828805	6.82761009188626
ENSMUSG00000080885	Rpl10-ps6	9.37857932985751	8.82415898192735	9.08126006730355	9.10953389536546	9.29585711168225	9.33508990002026
ENSMUSG00000081596	Gm15968	6.69309390772734	6.69309390772734	6.69309390772734	6.69309390772734	6.69309390772734	6.69309390772734
ENSMUSG00000082107	Gm16216	6.94262189687933	6.86029628209775	6.99158045856975	6.86951062302783	6.95708579526237	6.96183502500662
ENSMUSG00000082848	Gm16066	6.69309390772734	6.69309390772734	6.69309390772734	6.69309390772734	6.69309390772734	6.69309390772734
ENSMUSG00000083036	Gm15959	6.69309390772734	6.69309390772734	6.69309390772734	6.69309390772734	6.69309390772734	6.69309390772734
ENSMUSG00000083160	Gm15967	6.69309390772734	6.69309390772734	6.69309390772734	6.69309390772734	6.69309390772734	6.69309390772734
ENSMUSG00000083282	Ctsf	8.44710446506785	8.43347303477029	8.36128583854662	8.31741918159097	8.16931682034135	8.40183578451082
ENSMUSG00000083458	Gm5510	7.07362543439183	7.02694047235869	6.90434364114117	6.94242986723758	7.01619224930028	6.9259144555803
ENSMUSG00000084221	Hmgb1-ps4	7.39286572223634	7.26879677627666	7.52718277286064	7.14134511592627	7.44390942851504	7.17601683243959
ENSMUSG00000084432	Gm23426	6.69309390772734	6.69309390772734	6.69309390772734	6.69309390772734	6.69309390772734	6.69309390772734
ENSMUSG00000084512	Gm22482	6.69309390772734	6.69309390772734	6.69309390772734	6.69309390772734	6.69309390772734	6.69309390772734
ENSMUSG00000084589	Gm25176	6.69309390772734	6.69309390772734	6.69309390772734	6.69309390772734	6.69309390772734	6.69309390772734
ENSMUSG00000084641	n-R5s21	6.69309390772734	6.69309390772734	6.69309390772734	6.69309390772734	6.69309390772734	6.69309390772734
ENSMUSG00000084675	Gm26026	6.69309390772734	6.69309390772734	6.69309390772734	6.69309390772734	6.69309390772734	6.69309390772734
ENSMUSG00000084742	n-R5s19	6.69309390772734	6.69309390772734	6.69309390772734	6.69309390772734	6.69309390772734	6.69309390772734
ENSMUSG00000084825	2410152P15Rik	6.69309390772734	6.69309390772734	6.69309390772734	6.69309390772734	6.69309390772734	6.69309390772734
ENSMUSG00000084836	Gm16274	6.69309390772734	6.69309390772734	6.69309390772734	6.69309390772734	6.69309390772734	6.69309390772734
ENSMUSG00000084876	Gm14965	6.69309390772734	6.69309390772734	6.69309390772734	6.69309390772734	6.69309390772734	6.69309390772734
ENSMUSG00000084957	Bbip1	9.24094029793963	9.22425998341777	9.22671116156091	9.24696174844681	9.34615088255694	9.49836183854723
ENSMUSG00000084981	Gm15962	6.69309390772734	6.69309390772734	6.69309390772734	6.69309390772734	6.69309390772734	6.69309390772734
ENSMUSG00000085003	Pip5k1bos	6.69309390772734	6.69309390772734	6.69309390772734	6.69309390772734	6.69309390772734	6.69309390772734
ENSMUSG00000085196	Gm14963	6.83727858405132	6.86029628209775	6.69309390772734	6.81787819900811	6.69309390772734	6.82761009188626
ENSMUSG00000085285	Gm14968	6.69309390772734	6.69309390772734	6.69309390772734	6.69309390772734	6.69309390772734	6.69309390772734
ENSMUSG00000085924	Gm8980	6.69309390772734	6.69309390772734	6.69309390772734	6.69309390772734	6.69309390772734	6.69309390772734
ENSMUSG00000085934	Gm8988	6.69309390772734	6.69309390772734	6.69309390772734	6.69309390772734	6.69309390772734	6.69309390772734
ENSMUSG00000086107	Gm16312	6.69309390772734	6.69309390772734	6.69309390772734	6.81787819900811	6.69309390772734	6.69309390772734
ENSMUSG00000086121	Gm16068	6.69309390772734	6.69309390772734	6.69309390772734	6.69309390772734	6.69309390772734	6.69309390772734
ENSMUSG00000086174	Gm6425	6.83727858405132	6.69309390772734	6.69309390772734	6.69309390772734	6.82522789473628	6.69309390772734
ENSMUSG00000086213	A330040F15Rik	6.69309390772734	6.86029628209775	6.69309390772734	6.81787819900811	6.92179713828805	6.99344748971509
ENSMUSG00000086812	Gm8978	6.69309390772734	6.69309390772734	6.69309390772734	6.69309390772734	6.69309390772734	6.69309390772734
ENSMUSG00000086816	Gm16726	6.69309390772734	6.69309390772734	6.69309390772734	6.69309390772734	6.69309390772734	6.69309390772734
ENSMUSG00000086875	Lipo5	6.69309390772734	6.69309390772734	6.69309390772734	6.69309390772734	6.69309390772734	6.69309390772734
ENSMUSG00000086938	4930481A15Rik	7.14735678640726	7.16418266913408	7.22907080466996	7.02262818809414	7.21889962041941	7.38564494776553
ENSMUSG00000087002	Gm16277	6.69309390772734	6.69309390772734	6.69309390772734	6.69309390772734	6.69309390772734	6.69309390772734
ENSMUSG00000087095	Emx2os	6.83727858405132	6.69309390772734	6.84253668835852	6.69309390772734	6.69309390772734	6.69309390772734
ENSMUSG00000087112	Gm7237	6.69309390772734	6.69309390772734	6.69309390772734	6.69309390772734	6.69309390772734	6.69309390772734
ENSMUSG00000087132	A930001C03Rik	6.69309390772734	6.86029628209775	6.69309390772734	6.81787819900811	6.82522789473628	6.82761009188626
ENSMUSG00000087303	Lipo2	6.83727858405132	6.69309390772734	6.90434364114117	6.69309390772734	6.69309390772734	6.69309390772734
ENSMUSG00000087367	Gm15491	6.69309390772734	7.10151841841227	7.05833993509113	6.97177358161501	6.69309390772734	6.69309390772734
ENSMUSG00000087579	Hectd2os	7.19030775527518	7.37646621706495	6.69309390772734	7.04527212457743	6.82522789473628	7.17601683243959
ENSMUSG00000087783	Gm23170	6.69309390772734	6.69309390772734	6.69309390772734	6.69309390772734	6.69309390772734	6.69309390772734
ENSMUSG00000087830	Gm22820	6.69309390772734	6.69309390772734	6.69309390772734	6.69309390772734	6.69309390772734	6.69309390772734
ENSMUSG00000087937	Gm26046	6.69309390772734	6.69309390772734	6.69309390772734	6.69309390772734	6.69309390772734	6.69309390772734
ENSMUSG00000087956	Gm22561	6.69309390772734	6.69309390772734	6.69309390772734	6.69309390772734	6.69309390772734	6.69309390772734
ENSMUSG00000088027	Gm22144	6.69309390772734	6.69309390772734	6.69309390772734	6.69309390772734	6.69309390772734	6.69309390772734
ENSMUSG00000088212	Gm22082	6.69309390772734	6.69309390772734	6.69309390772734	6.69309390772734	6.69309390772734	6.69309390772734
ENSMUSG00000088220	Gm22601	6.69309390772734	6.69309390772734	6.69309390772734	6.69309390772734	6.69309390772734	6.69309390772734
ENSMUSG00000088266	Gm24782	6.69309390772734	6.69309390772734	6.69309390772734	6.69309390772734	6.69309390772734	6.69309390772734
ENSMUSG00000088310	Gm26183	6.69309390772734	6.69309390772734	6.69309390772734	6.69309390772734	6.69309390772734	6.69309390772734
ENSMUSG00000088370	Gm22880	6.69309390772734	6.69309390772734	6.69309390772734	6.69309390772734	6.69309390772734	6.69309390772734
ENSMUSG00000088490	Gm24400	6.69309390772734	6.69309390772734	6.69309390772734	6.69309390772734	6.69309390772734	6.69309390772734
ENSMUSG00000088525	Gm26085	6.69309390772734	6.69309390772734	6.69309390772734	6.69309390772734	6.69309390772734	6.69309390772734
ENSMUSG00000088558	Gm22506	6.69309390772734	6.69309390772734	6.69309390772734	6.69309390772734	6.69309390772734	6.69309390772734
ENSMUSG00000088598	Gm24599	6.69309390772734	6.69309390772734	6.69309390772734	6.69309390772734	6.69309390772734	6.69309390772734
ENSMUSG00000088601	Gm24190	6.69309390772734	6.69309390772734	6.69309390772734	6.69309390772734	6.69309390772734	6.69309390772734
ENSMUSG00000088661	Gm25334	6.69309390772734	6.69309390772734	6.69309390772734	6.69309390772734	6.69309390772734	6.69309390772734
ENSMUSG00000088680	Gm23997	6.69309390772734	6.69309390772734	6.69309390772734	6.69309390772734	6.69309390772734	6.69309390772734
ENSMUSG00000088855	Gm24724	6.69309390772734	6.69309390772734	6.69309390772734	6.69309390772734	6.69309390772734	6.69309390772734
ENSMUSG00000088894	Gm22520	6.69309390772734	6.69309390772734	6.69309390772734	6.69309390772734	6.69309390772734	6.69309390772734
ENSMUSG00000088907	Gm25437	6.69309390772734	6.69309390772734	6.69309390772734	6.69309390772734	6.69309390772734	6.69309390772734
ENSMUSG00000088909	Gm50111	6.69309390772734	6.69309390772734	6.69309390772734	6.69309390772734	6.69309390772734	6.69309390772734
ENSMUSG00000088940	Gm24930	6.69309390772734	6.69309390772734	6.69309390772734	6.69309390772734	6.69309390772734	6.69309390772734
ENSMUSG00000089004	Gm23857	6.69309390772734	6.69309390772734	6.69309390772734	6.69309390772734	6.69309390772734	6.69309390772734
ENSMUSG00000089016	Gm24883	6.69309390772734	6.69309390772734	6.69309390772734	6.69309390772734	6.69309390772734	6.69309390772734
ENSMUSG00000089087	Gm24006	6.69309390772734	6.69309390772734	6.69309390772734	6.69309390772734	6.69309390772734	6.69309390772734
ENSMUSG00000089094	Gm25659	6.69309390772734	6.69309390772734	6.69309390772734	6.69309390772734	6.69309390772734	6.69309390772734
ENSMUSG00000089102	Gm23113	6.69309390772734	6.69309390772734	6.69309390772734	6.69309390772734	6.69309390772734	6.69309390772734
ENSMUSG00000089143	Gm25268	6.69309390772734	6.69309390772734	6.69309390772734	6.69309390772734	6.69309390772734	6.69309390772734
ENSMUSG00000089151	Mir1950	6.69309390772734	6.69309390772734	6.69309390772734	6.69309390772734	6.69309390772734	6.69309390772734
ENSMUSG00000089377	Gm22135	6.69309390772734	6.69309390772734	6.69309390772734	6.69309390772734	6.69309390772734	6.69309390772734
ENSMUSG00000089397	Gm23026	6.69309390772734	6.69309390772734	6.69309390772734	6.69309390772734	6.69309390772734	6.69309390772734
ENSMUSG00000089545	Gm25838	6.69309390772734	6.69309390772734	6.69309390772734	6.69309390772734	6.69309390772734	6.69309390772734
ENSMUSG00000089598	Gm26158	6.69309390772734	6.69309390772734	6.69309390772734	6.69309390772734	6.69309390772734	6.69309390772734
ENSMUSG00000089625	Gm25443	6.69309390772734	6.69309390772734	6.69309390772734	6.69309390772734	6.69309390772734	6.69309390772734
ENSMUSG00000089679	Gm16299	6.69309390772734	6.98237416409738	6.69309390772734	6.86951062302783	6.69309390772734	6.69309390772734
ENSMUSG00000089766	Gm16538	6.69309390772734	6.69309390772734	6.69309390772734	6.81787819900811	6.69309390772734	6.69309390772734
ENSMUSG00000089807	Gm16298	6.69309390772734	6.69309390772734	6.69309390772734	6.69309390772734	6.69309390772734	6.69309390772734
ENSMUSG00000089952	4933413C19Rik	6.69309390772734	6.69309390772734	6.69309390772734	6.69309390772734	6.69309390772734	6.69309390772734
ENSMUSG00000089993	Gm5822	7.37840570184889	7.13399958654891	7.2490610010445	7.02262818809414	7.37359614353372	6.9259144555803
ENSMUSG00000090041	Gm16027	6.69309390772734	6.69309390772734	6.69309390772734	6.81787819900811	6.69309390772734	6.69309390772734
ENSMUSG00000090117	Gm16541	6.69309390772734	6.69309390772734	6.69309390772734	6.69309390772734	6.69309390772734	6.69309390772734
ENSMUSG00000090147	Gm3329	6.69309390772734	6.69309390772734	6.69309390772734	6.69309390772734	6.69309390772734	6.69309390772734
ENSMUSG00000090235	Gm16244	7.01496686044172	6.86029628209775	6.84253668835852	6.69309390772734	6.69309390772734	7.02199656034898
ENSMUSG00000090291	Lrrc10b	7.24831838251876	7.19248484467531	7.08743043505694	7.27462170198492	7.28016274605281	7.34672009991863
ENSMUSG00000090369	4933411K16Rik	6.83727858405132	6.69309390772734	6.69309390772734	6.69309390772734	6.69309390772734	6.82761009188626
ENSMUSG00000090737	Gm6788	6.83727858405132	6.69309390772734	6.69309390772734	6.69309390772734	6.69309390772734	6.9259144555803
ENSMUSG00000090840	1700092M07Rik	6.69309390772734	6.86029628209775	6.84253668835852	6.69309390772734	6.69309390772734	6.82761009188626
ENSMUSG00000090965	Gm17203	6.89691715038443	6.86029628209775	6.84253668835852	6.69309390772734	6.69309390772734	6.69309390772734
ENSMUSG00000090990	Gm17197	6.69309390772734	6.69309390772734	6.69309390772734	6.69309390772734	6.69309390772734	6.69309390772734
ENSMUSG00000091014	Gm5244	6.69309390772734	6.69309390772734	6.69309390772734	6.69309390772734	6.69309390772734	6.69309390772734
ENSMUSG00000091230	H1f11-ps	6.69309390772734	6.69309390772734	6.69309390772734	6.69309390772734	6.69309390772734	6.69309390772734
ENSMUSG00000091378	Gm4219	6.69309390772734	6.69309390772734	6.69309390772734	6.81787819900811	6.69309390772734	6.82761009188626
ENSMUSG00000091410	Gm17150	7.04554269140627	6.69309390772734	6.90434364114117	6.81787819900811	7.01619224930028	6.82761009188626
ENSMUSG00000091471	Gm20538	6.69309390772734	6.69309390772734	6.69309390772734	6.81787819900811	6.69309390772734	6.69309390772734
ENSMUSG00000091558	Gm17227	6.69309390772734	6.69309390772734	6.69309390772734	6.69309390772734	6.69309390772734	6.69309390772734
ENSMUSG00000092008	Cyp2c69	6.69309390772734	6.69309390772734	6.69309390772734	6.69309390772734	6.69309390772734	6.69309390772734
ENSMUSG00000092182	Gm20407	6.69309390772734	6.69309390772734	6.69309390772734	6.69309390772734	6.69309390772734	6.69309390772734
ENSMUSG00000092250	Gm20467	6.69309390772734	6.69309390772734	6.69309390772734	6.69309390772734	6.69309390772734	6.69309390772734
ENSMUSG00000092274	Neat1	9.98218878556089	10.5188381478718	10.4780163603666	10.1550859185595	9.86146832890732	10.3913727831231
ENSMUSG00000092341	Malat1	8.84838677263539	9.2516595192523	9.22671116156091	9.87759635018046	9.21784834987662	9.18700636115902
ENSMUSG00000092346	Tlx1os	6.69309390772734	6.69309390772734	6.69309390772734	6.69309390772734	6.69309390772734	6.69309390772734
ENSMUSG00000092369	1700039E22Rik	6.69309390772734	6.69309390772734	6.69309390772734	6.69309390772734	6.69309390772734	6.69309390772734
ENSMUSG00000092469	Gm20395	6.69309390772734	6.69309390772734	6.69309390772734	6.69309390772734	6.69309390772734	6.69309390772734
ENSMUSG00000092617	Gm8412	6.69309390772734	6.69309390772734	6.69309390772734	6.69309390772734	6.69309390772734	6.69309390772734
ENSMUSG00000092655	Gm25238	6.69309390772734	6.69309390772734	6.69309390772734	6.69309390772734	6.69309390772734	6.69309390772734
ENSMUSG00000092715	Gm22853	6.69309390772734	6.69309390772734	6.69309390772734	6.69309390772734	6.69309390772734	6.69309390772734
ENSMUSG00000092802	Gm26460	6.69309390772734	6.69309390772734	6.69309390772734	6.69309390772734	6.69309390772734	6.69309390772734
ENSMUSG00000092813	Mir3086	6.69309390772734	6.69309390772734	6.69309390772734	6.69309390772734	6.69309390772734	6.69309390772734
ENSMUSG00000092871	Gm22646	6.69309390772734	6.69309390772734	6.69309390772734	6.69309390772734	6.69309390772734	6.69309390772734
ENSMUSG00000092966	Gm22240	6.69309390772734	6.69309390772734	6.69309390772734	6.69309390772734	6.69309390772734	6.69309390772734
ENSMUSG00000092994	Gm23918	6.69309390772734	6.69309390772734	6.69309390772734	6.69309390772734	6.69309390772734	6.69309390772734
ENSMUSG00000093234	Mir3085	6.69309390772734	6.69309390772734	6.69309390772734	6.69309390772734	6.69309390772734	6.69309390772734
ENSMUSG00000093236	Gm24108	6.69309390772734	6.69309390772734	6.69309390772734	6.69309390772734	6.69309390772734	6.69309390772734
ENSMUSG00000093303	Gm23800	6.69309390772734	6.69309390772734	6.69309390772734	6.69309390772734	6.69309390772734	6.69309390772734
ENSMUSG00000093314	Mir5136	6.69309390772734	6.69309390772734	6.69309390772734	6.69309390772734	6.69309390772734	6.69309390772734
ENSMUSG00000093315	Mir5114	6.69309390772734	6.69309390772734	6.69309390772734	6.69309390772734	6.69309390772734	6.69309390772734
ENSMUSG00000093346	Gm26115	6.69309390772734	6.69309390772734	6.69309390772734	6.69309390772734	6.69309390772734	6.69309390772734
ENSMUSG00000093373	Gm23075	6.69309390772734	6.69309390772734	6.69309390772734	6.69309390772734	6.69309390772734	6.69309390772734
ENSMUSG00000093525	Gm8974	6.69309390772734	6.69309390772734	6.69309390772734	6.69309390772734	6.69309390772734	6.69309390772734
ENSMUSG00000093610	Cyp2c53-ps	6.69309390772734	6.69309390772734	6.69309390772734	6.69309390772734	6.69309390772734	6.69309390772734
ENSMUSG00000093628	Gm20616	6.69309390772734	6.69309390772734	6.69309390772734	6.69309390772734	6.69309390772734	6.69309390772734
ENSMUSG00000093757	Mir5623	6.69309390772734	6.69309390772734	6.69309390772734	6.69309390772734	6.69309390772734	6.69309390772734
ENSMUSG00000093772	4931403E22Rik	6.69309390772734	6.69309390772734	6.84253668835852	6.69309390772734	6.69309390772734	6.69309390772734
ENSMUSG00000093983	Gm25431	6.69309390772734	6.69309390772734	6.69309390772734	6.69309390772734	6.69309390772734	6.69309390772734
ENSMUSG00000094077	Gm22323	6.69309390772734	6.69309390772734	6.69309390772734	6.69309390772734	6.69309390772734	6.69309390772734
ENSMUSG00000094133	Olfr1431	6.69309390772734	6.69309390772734	6.69309390772734	6.69309390772734	6.69309390772734	6.69309390772734
ENSMUSG00000094219	Calhm3	6.69309390772734	6.69309390772734	6.69309390772734	6.69309390772734	6.69309390772734	6.69309390772734
ENSMUSG00000094281	Gm8034	6.69309390772734	6.69309390772734	6.69309390772734	6.69309390772734	6.69309390772734	6.69309390772734
ENSMUSG00000094388	Gm8783	6.69309390772734	6.69309390772734	6.69309390772734	6.69309390772734	6.69309390772734	6.69309390772734
ENSMUSG00000094400	Gm23140	6.69309390772734	6.69309390772734	6.69309390772734	6.69309390772734	6.69309390772734	6.69309390772734
ENSMUSG00000094584	Ms4a18	6.69309390772734	6.69309390772734	6.69309390772734	6.69309390772734	6.69309390772734	6.69309390772734
ENSMUSG00000094649	Gm7102	6.83727858405132	6.69309390772734	6.95170575136151	6.69309390772734	6.69309390772734	6.88325973737487
ENSMUSG00000094707	A830019P07Rik	6.83727858405132	6.69309390772734	6.69309390772734	6.69309390772734	6.82522789473628	6.82761009188626
ENSMUSG00000094721	Olfr1462	6.69309390772734	6.69309390772734	6.69309390772734	6.69309390772734	6.69309390772734	6.69309390772734
ENSMUSG00000094732	1500015L24Rik	6.69309390772734	6.69309390772734	6.69309390772734	6.69309390772734	6.69309390772734	6.69309390772734
ENSMUSG00000094755	Olfr1453	6.69309390772734	6.69309390772734	6.69309390772734	6.69309390772734	6.69309390772734	6.69309390772734
ENSMUSG00000094846	Olfr1487	6.69309390772734	6.69309390772734	6.69309390772734	6.69309390772734	6.69309390772734	6.69309390772734
ENSMUSG00000094850	Gm24319	6.69309390772734	6.69309390772734	6.69309390772734	6.69309390772734	6.69309390772734	6.69309390772734
ENSMUSG00000094936	Rbm4	7.80142111710954	7.78882286296001	7.50137876158321	7.78989762216903	7.83768157891377	7.54241201228059
ENSMUSG00000094986	Olfr1454	6.69309390772734	6.69309390772734	6.69309390772734	6.69309390772734	6.69309390772734	6.69309390772734
ENSMUSG00000095097	Gm23658	6.69309390772734	6.69309390772734	6.69309390772734	6.69309390772734	6.69309390772734	6.69309390772734
ENSMUSG00000095098	Ccdc85b	9.02665853539271	9.01916534099421	8.99563665209147	9.12827187465127	9.25001383111989	9.35963416780013
ENSMUSG00000095189	Olfr1472	6.69309390772734	6.69309390772734	6.69309390772734	6.69309390772734	6.69309390772734	6.69309390772734
ENSMUSG00000095484	Olfr1480	6.69309390772734	6.69309390772734	6.69309390772734	6.69309390772734	6.69309390772734	6.69309390772734
ENSMUSG00000095530	Snora19	6.69309390772734	6.69309390772734	6.69309390772734	6.69309390772734	6.69309390772734	6.69309390772734
ENSMUSG00000095640	Olfr1434	6.69309390772734	6.69309390772734	6.69309390772734	6.69309390772734	6.69309390772734	6.69309390772734
ENSMUSG00000095690	Rab11b-ps2	7.34845668209767	7.33570294006724	7.22907080466996	7.20506248841134	7.37359614353372	7.24455586123739
ENSMUSG00000095913	Gm21844	6.69309390772734	6.69309390772734	6.69309390772734	6.69309390772734	6.69309390772734	6.69309390772734
ENSMUSG00000095993	Gm21060	6.69309390772734	6.69309390772734	6.69309390772734	6.69309390772734	6.69309390772734	6.69309390772734
ENSMUSG00000096249	Gm24263	6.69309390772734	6.69309390772734	6.69309390772734	6.69309390772734	6.69309390772734	6.69309390772734
ENSMUSG00000096273	Olfr1474	6.69309390772734	6.69309390772734	6.69309390772734	6.69309390772734	6.69309390772734	6.69309390772734
ENSMUSG00000096289	Olfr1484	6.69309390772734	6.69309390772734	6.69309390772734	6.69309390772734	6.69309390772734	6.69309390772734
ENSMUSG00000096298	Gm23931	6.69309390772734	6.69309390772734	6.69309390772734	6.69309390772734	6.69309390772734	6.69309390772734
ENSMUSG00000096320	Olfr1471	6.69309390772734	6.69309390772734	6.69309390772734	6.69309390772734	6.69309390772734	6.69309390772734
ENSMUSG00000096365	Olfr1463	6.69309390772734	6.69309390772734	6.69309390772734	6.69309390772734	6.69309390772734	6.69309390772734
ENSMUSG00000096370	Gm21992	7.47360118375815	7.3959005397719	7.7668082247057	7.41342622934044	7.34834815674983	7.54241201228059
ENSMUSG00000096436	Olfr1437	6.69309390772734	6.69309390772734	6.69309390772734	6.69309390772734	6.69309390772734	6.69309390772734
ENSMUSG00000096485	Olfr1466	6.69309390772734	6.69309390772734	6.69309390772734	6.69309390772734	6.69309390772734	6.69309390772734
ENSMUSG00000096578	Gm9529	6.69309390772734	6.69309390772734	6.69309390772734	6.69309390772734	6.82522789473628	6.82761009188626
ENSMUSG00000096592	Gm15801	6.69309390772734	6.69309390772734	6.69309390772734	6.69309390772734	6.69309390772734	6.69309390772734
ENSMUSG00000096704	Gm24805	6.69309390772734	6.69309390772734	6.69309390772734	6.69309390772734	6.69309390772734	6.69309390772734
ENSMUSG00000096708	Olfr1475	6.69309390772734	6.69309390772734	6.69309390772734	6.69309390772734	6.69309390772734	6.69309390772734
ENSMUSG00000096740	Lbhd1	7.92139959100253	7.84519655136534	7.66627231077161	7.81539337537551	7.83076979949707	7.70578729372863
ENSMUSG00000096774	Gm22113	6.69309390772734	6.69309390772734	6.69309390772734	6.69309390772734	6.69309390772734	6.69309390772734
ENSMUSG00000096796	1700021P04Rik	6.69309390772734	6.69309390772734	6.69309390772734	6.69309390772734	6.69309390772734	6.69309390772734
ENSMUSG00000096818	Gm29231	6.69309390772734	6.69309390772734	6.69309390772734	6.69309390772734	6.69309390772734	6.69309390772734
ENSMUSG00000096872	Scgb2a2	6.69309390772734	6.69309390772734	6.69309390772734	6.69309390772734	6.69309390772734	6.69309390772734
ENSMUSG00000097091	4930526L06Rik	6.69309390772734	6.86029628209775	6.69309390772734	6.69309390772734	6.69309390772734	6.69309390772734
ENSMUSG00000097233	Gm17552	7.04554269140627	7.24458786407488	7.13983569495576	7.50101568182291	7.25041500396184	7.29060681193018
ENSMUSG00000097404	Gm10814	6.89691715038443	6.86029628209775	6.99158045856975	6.81787819900811	6.82522789473628	6.88325973737487
ENSMUSG00000097446	Gm26629	6.69309390772734	6.69309390772734	6.69309390772734	6.69309390772734	6.69309390772734	6.69309390772734
ENSMUSG00000097557	C130060C02Rik	6.83727858405132	6.92942181245522	6.90434364114117	6.69309390772734	6.69309390772734	6.69309390772734
ENSMUSG00000097558	Gm26902	6.69309390772734	6.69309390772734	6.84253668835852	6.69309390772734	6.87989438758328	6.69309390772734
ENSMUSG00000097591	A330032B11Rik	6.69309390772734	6.69309390772734	6.69309390772734	6.69309390772734	6.69309390772734	6.69309390772734
ENSMUSG00000097636	Mirt1	6.69309390772734	6.86029628209775	6.69309390772734	6.69309390772734	6.69309390772734	6.69309390772734
ENSMUSG00000097646	Gm26864	6.69309390772734	6.69309390772734	6.69309390772734	6.69309390772734	6.69309390772734	6.69309390772734
ENSMUSG00000097683	Gm26644	6.69309390772734	6.69309390772734	6.69309390772734	6.69309390772734	6.69309390772734	6.69309390772734
ENSMUSG00000097690	4930505N22Rik	6.69309390772734	6.69309390772734	6.69309390772734	6.69309390772734	6.69309390772734	6.69309390772734
ENSMUSG00000097719	Rpl31-ps18	6.69309390772734	6.69309390772734	6.69309390772734	6.69309390772734	6.69309390772734	6.69309390772734
ENSMUSG00000097735	D930032P07Rik	6.69309390772734	6.69309390772734	6.69309390772734	6.69309390772734	6.69309390772734	6.69309390772734
ENSMUSG00000097740	E030044B06Rik	6.83727858405132	6.86029628209775	6.69309390772734	6.69309390772734	6.69309390772734	6.69309390772734
ENSMUSG00000097779	4833407H14Rik	6.69309390772734	6.69309390772734	6.69309390772734	6.69309390772734	6.69309390772734	6.69309390772734
ENSMUSG00000097785	B230217O12Rik	6.69309390772734	7.02694047235869	7.05833993509113	6.86951062302783	6.92179713828805	6.96183502500662
ENSMUSG00000097787	2700046G09Rik	7.42085942667654	7.19248484467531	7.2490610010445	7.14134511592627	7.20237706008236	7.34672009991863
ENSMUSG00000097792	Gm27042	6.98110478715535	6.98237416409738	7.08743043505694	7.06652016341404	7.14907911257911	7.17601683243959
ENSMUSG00000097855	A930007I19Rik	7.04554269140627	6.86029628209775	6.84253668835852	6.81787819900811	6.87989438758328	6.69309390772734
ENSMUSG00000097930	C330002G04Rik	6.69309390772734	6.69309390772734	6.69309390772734	6.69309390772734	6.82522789473628	6.82761009188626
ENSMUSG00000097937	Gm6967	6.69309390772734	6.69309390772734	6.69309390772734	6.69309390772734	6.69309390772734	6.69309390772734
ENSMUSG00000097950	Gm17800	6.69309390772734	6.69309390772734	6.69309390772734	6.69309390772734	6.69309390772734	6.69309390772734
ENSMUSG00000097990	Gm19557	6.83727858405132	6.92942181245522	6.69309390772734	6.69309390772734	6.87989438758328	6.69309390772734
ENSMUSG00000098010	Gm21542	6.69309390772734	6.69309390772734	6.69309390772734	6.69309390772734	6.69309390772734	6.69309390772734
ENSMUSG00000098069	Gm26942	6.69309390772734	6.69309390772734	6.69309390772734	6.69309390772734	6.69309390772734	6.69309390772734
ENSMUSG00000098074	Gm26993	6.69309390772734	6.69309390772734	6.69309390772734	6.69309390772734	6.69309390772734	6.69309390772734
ENSMUSG00000098091	Gm16470	6.69309390772734	6.69309390772734	6.69309390772734	6.69309390772734	6.87989438758328	6.82761009188626
ENSMUSG00000098105	Gm8825	6.69309390772734	6.69309390772734	6.69309390772734	6.69309390772734	6.69309390772734	6.69309390772734
ENSMUSG00000098286	Mir8091	6.69309390772734	6.69309390772734	6.69309390772734	6.69309390772734	6.69309390772734	6.69309390772734
ENSMUSG00000098289	Mir6715	6.69309390772734	6.69309390772734	6.69309390772734	6.69309390772734	6.69309390772734	6.69309390772734
ENSMUSG00000098293	Mir6991	6.69309390772734	6.69309390772734	6.69309390772734	6.69309390772734	6.69309390772734	6.69309390772734
ENSMUSG00000098298	Gm27970	6.69309390772734	6.69309390772734	6.69309390772734	6.69309390772734	6.69309390772734	6.69309390772734
ENSMUSG00000098346	Mir6986	6.69309390772734	6.69309390772734	6.69309390772734	6.69309390772734	6.69309390772734	6.69309390772734
ENSMUSG00000098363	Mir6993	6.69309390772734	6.69309390772734	6.69309390772734	6.69309390772734	6.69309390772734	6.69309390772734
ENSMUSG00000098413	Mir6990	6.69309390772734	6.69309390772734	6.69309390772734	6.69309390772734	6.69309390772734	6.69309390772734
ENSMUSG00000098462	Gm27694	6.69309390772734	6.69309390772734	6.69309390772734	6.69309390772734	6.69309390772734	6.69309390772734
ENSMUSG00000098507	Gm27935	6.69309390772734	6.69309390772734	6.69309390772734	6.69309390772734	6.69309390772734	6.69309390772734
ENSMUSG00000098543	Gm27533	6.69309390772734	6.69309390772734	6.69309390772734	6.69309390772734	6.69309390772734	6.69309390772734
ENSMUSG00000098568	Mir6987	6.69309390772734	6.69309390772734	6.69309390772734	6.69309390772734	6.69309390772734	6.69309390772734
ENSMUSG00000098670	Gm27818	6.69309390772734	6.69309390772734	6.69309390772734	6.69309390772734	6.69309390772734	6.69309390772734
ENSMUSG00000098718	Mir496b	6.69309390772734	6.69309390772734	6.69309390772734	6.69309390772734	6.69309390772734	6.69309390772734
ENSMUSG00000098730	Mir6407	6.69309390772734	6.69309390772734	6.69309390772734	6.69309390772734	6.69309390772734	6.69309390772734
ENSMUSG00000098739	Gm27151	6.69309390772734	6.69309390772734	6.69309390772734	6.69309390772734	6.69309390772734	6.69309390772734
ENSMUSG00000098742	Gm27476	6.69309390772734	6.69309390772734	6.69309390772734	6.69309390772734	6.69309390772734	6.69309390772734
ENSMUSG00000098770	Gm27440	6.69309390772734	6.69309390772734	6.69309390772734	6.69309390772734	6.69309390772734	6.69309390772734
ENSMUSG00000098786	Mir6995	6.69309390772734	6.69309390772734	6.69309390772734	6.69309390772734	6.69309390772734	6.69309390772734
ENSMUSG00000098803	Gm27468	6.69309390772734	6.69309390772734	6.69309390772734	6.69309390772734	6.69309390772734	6.69309390772734
ENSMUSG00000098844	Mir6992	6.69309390772734	6.69309390772734	6.69309390772734	6.69309390772734	6.69309390772734	6.69309390772734
ENSMUSG00000098865	Gm27702	6.69309390772734	6.69309390772734	6.69309390772734	6.69309390772734	6.69309390772734	6.69309390772734
ENSMUSG00000098916	Gm27749	6.69309390772734	6.69309390772734	6.69309390772734	6.69309390772734	6.69309390772734	6.69309390772734
ENSMUSG00000098928	Mir6988	6.69309390772734	6.69309390772734	6.69309390772734	6.69309390772734	6.69309390772734	6.69309390772734
ENSMUSG00000098952	Mir6405	6.69309390772734	6.69309390772734	6.69309390772734	6.69309390772734	6.69309390772734	6.69309390772734
ENSMUSG00000098974	Gm27505	6.69309390772734	6.69309390772734	6.69309390772734	6.69309390772734	6.69309390772734	6.69309390772734
ENSMUSG00000098986	Gm28006	6.69309390772734	6.69309390772734	6.69309390772734	6.69309390772734	6.69309390772734	6.69309390772734
ENSMUSG00000099069	Mir8090	6.69309390772734	6.69309390772734	6.69309390772734	6.69309390772734	6.69309390772734	6.69309390772734
ENSMUSG00000099118	Mir8092	6.69309390772734	6.69309390772734	6.69309390772734	6.69309390772734	6.69309390772734	6.69309390772734
ENSMUSG00000099230	Mir6989	6.69309390772734	6.69309390772734	6.69309390772734	6.69309390772734	6.69309390772734	6.69309390772734
ENSMUSG00000099261	Mir6984	6.69309390772734	6.69309390772734	6.69309390772734	6.69309390772734	6.69309390772734	6.69309390772734
ENSMUSG00000099290	Mir6985	6.69309390772734	6.69309390772734	6.69309390772734	6.69309390772734	6.69309390772734	6.69309390772734
ENSMUSG00000099316	Gm27796	6.69309390772734	6.69309390772734	6.69309390772734	6.69309390772734	6.69309390772734	6.69309390772734
ENSMUSG00000099398	Ms4a14	6.94262189687933	6.69309390772734	6.99158045856975	7.12389182698717	7.01619224930028	7.02199656034898
ENSMUSG00000099655	2310034G01Rik	7.04554269140627	7.02694047235869	6.84253668835852	7.10567818802144	7.20237706008236	7.04822193928885
ENSMUSG00000099678	Gm28351	6.69309390772734	6.69309390772734	6.69309390772734	6.69309390772734	6.69309390772734	6.69309390772734
ENSMUSG00000099746	Ppnr	6.69309390772734	6.69309390772734	6.69309390772734	6.69309390772734	6.69309390772734	6.69309390772734
ENSMUSG00000099757	BE692007	7.22970941221727	6.69309390772734	6.99158045856975	7.21974477995123	7.10963598772243	7.34672009991863
ENSMUSG00000099923	1700105P06Rik	6.69309390772734	6.98237416409738	6.90434364114117	6.90909222265366	6.69309390772734	6.88325973737487
ENSMUSG00000099988	1700054A03Rik	6.69309390772734	6.69309390772734	6.69309390772734	6.86951062302783	6.69309390772734	6.69309390772734
ENSMUSG00000099998	Gm6501	7.07362543439183	7.29197880876875	7.20826881651068	7.24789523802139	7.32201590627306	7.17601683243959
ENSMUSG00000100001	1810007D17Rik	6.69309390772734	6.69309390772734	6.69309390772734	6.69309390772734	6.69309390772734	6.69309390772734
ENSMUSG00000100075	1700018L02Rik	7.04554269140627	6.98237416409738	7.02666402593573	7.06652016341404	7.04195916933653	6.9259144555803
ENSMUSG00000100119	2700089I24Rik	6.69309390772734	6.69309390772734	6.69309390772734	6.69309390772734	6.69309390772734	6.69309390772734
ENSMUSG00000100141	Gm6445	6.69309390772734	6.69309390772734	6.69309390772734	6.86951062302783	6.69309390772734	6.88325973737487
ENSMUSG00000100392	Gm28935	6.69309390772734	6.69309390772734	6.69309390772734	6.69309390772734	6.69309390772734	6.69309390772734
ENSMUSG00000100417	Gm28578	6.69309390772734	6.69309390772734	6.84253668835852	6.81787819900811	6.69309390772734	6.82761009188626
ENSMUSG00000100529	Gm19261	6.69309390772734	6.69309390772734	6.69309390772734	6.69309390772734	6.69309390772734	6.69309390772734
ENSMUSG00000100615	Gm5511	6.89691715038443	6.69309390772734	7.08743043505694	6.99827770286894	6.92179713828805	6.88325973737487
ENSMUSG00000100621	Gm28374	6.69309390772734	6.86029628209775	6.84253668835852	6.94242986723758	6.69309390772734	6.69309390772734
ENSMUSG00000100918	Gm19224	6.69309390772734	6.69309390772734	6.69309390772734	6.69309390772734	6.69309390772734	6.69309390772734
ENSMUSG00000100937	1700020D05Rik	6.69309390772734	6.69309390772734	6.69309390772734	6.69309390772734	6.82522789473628	6.69309390772734
ENSMUSG00000100969	1700030N03Rik	6.69309390772734	6.69309390772734	6.69309390772734	6.69309390772734	6.69309390772734	6.69309390772734
ENSMUSG00000101024	Gm5692	6.69309390772734	6.69309390772734	6.69309390772734	6.69309390772734	6.69309390772734	6.69309390772734
ENSMUSG00000101031	Ms4a12	6.69309390772734	6.69309390772734	6.69309390772734	6.69309390772734	6.69309390772734	6.69309390772734
ENSMUSG00000101079	Gm28991	6.69309390772734	6.69309390772734	6.69309390772734	6.69309390772734	6.69309390772734	6.69309390772734
ENSMUSG00000101084	Gm28228	6.69309390772734	6.69309390772734	6.69309390772734	6.69309390772734	6.69309390772734	6.69309390772734
ENSMUSG00000101088	1810018F18Rik	6.69309390772734	6.69309390772734	6.69309390772734	6.69309390772734	6.69309390772734	6.69309390772734
ENSMUSG00000101089	2610016A17Rik	6.89691715038443	6.86029628209775	6.69309390772734	6.69309390772734	6.69309390772734	6.96183502500662
ENSMUSG00000101264	Gm28347	6.69309390772734	6.69309390772734	6.69309390772734	6.69309390772734	6.69309390772734	6.69309390772734
ENSMUSG00000101389	Ms4a4a	7.26629505282919	7.06613893438547	7.3393737593904	7.18992790938474	7.10963598772243	7.31933121161042
ENSMUSG00000101398	Gm2617	6.69309390772734	6.69309390772734	6.69309390772734	6.69309390772734	6.69309390772734	6.69309390772734
ENSMUSG00000101439	Gm336	6.69309390772734	6.69309390772734	6.69309390772734	6.69309390772734	6.69309390772734	6.69309390772734
ENSMUSG00000101630	Gm29261	6.69309390772734	6.69309390772734	6.69309390772734	6.69309390772734	6.69309390772734	6.69309390772734
ENSMUSG00000101966	Gm5248	6.69309390772734	6.69309390772734	6.69309390772734	6.69309390772734	6.69309390772734	6.69309390772734
ENSMUSG00000102057	Gm29594	6.69309390772734	6.69309390772734	6.69309390772734	6.69309390772734	6.69309390772734	6.69309390772734
ENSMUSG00000102349	Gm37376	6.69309390772734	6.69309390772734	6.69309390772734	6.86951062302783	6.69309390772734	6.82761009188626
ENSMUSG00000102353	Gm38345	6.69309390772734	6.69309390772734	6.99158045856975	6.69309390772734	6.69309390772734	6.82761009188626
ENSMUSG00000103488	Gm37997	6.69309390772734	6.69309390772734	6.69309390772734	6.69309390772734	6.69309390772734	6.69309390772734
ENSMUSG00000103651	Gm37206	6.69309390772734	7.26879677627666	6.95170575136151	6.90909222265366	7.12981657621034	7.11709790375297
ENSMUSG00000104088	Gm38275	6.69309390772734	6.69309390772734	6.69309390772734	6.69309390772734	6.69309390772734	6.69309390772734
ENSMUSG00000104884	Mir5046	6.69309390772734	6.69309390772734	6.69309390772734	6.69309390772734	6.69309390772734	6.69309390772734
ENSMUSG00000104890	Mir3084-1	6.69309390772734	6.69309390772734	6.69309390772734	6.69309390772734	6.69309390772734	6.69309390772734
ENSMUSG00000104921	Gm23927	6.69309390772734	6.69309390772734	6.69309390772734	6.69309390772734	6.69309390772734	6.69309390772734
ENSMUSG00000104979	Mir6994	6.69309390772734	6.69309390772734	6.69309390772734	6.69309390772734	6.69309390772734	6.69309390772734
ENSMUSG00000105118	Mir3084-2	6.69309390772734	6.69309390772734	6.69309390772734	6.69309390772734	6.69309390772734	6.69309390772734
ENSMUSG00000105709	Gm42723	6.69309390772734	6.69309390772734	6.69309390772734	6.81787819900811	6.69309390772734	6.88325973737487
ENSMUSG00000106278	Mir3970	6.69309390772734	6.69309390772734	6.69309390772734	6.69309390772734	6.69309390772734	6.69309390772734
ENSMUSG00000108414	Snhg1	8.97193641772443	8.70173014396716	8.88999565474503	8.71148776535157	8.77732541358461	8.63619801642758
ENSMUSG00000108881	Gm44849	6.69309390772734	6.69309390772734	6.69309390772734	6.69309390772734	6.69309390772734	6.69309390772734
ENSMUSG00000108887	Olfr1479-ps1	6.69309390772734	6.69309390772734	6.69309390772734	6.69309390772734	6.69309390772734	6.69309390772734
ENSMUSG00000108889	Olfr1555-ps1	6.83727858405132	6.69309390772734	6.69309390772734	6.69309390772734	6.69309390772734	6.69309390772734
ENSMUSG00000108929	Cc2d2b	6.69309390772734	6.69309390772734	6.69309390772734	6.69309390772734	6.69309390772734	6.69309390772734
ENSMUSG00000108945	Olfr1481-ps1	6.69309390772734	6.69309390772734	6.69309390772734	6.69309390772734	6.69309390772734	6.69309390772734
ENSMUSG00000108947	Olfr1422-ps1	6.69309390772734	6.69309390772734	6.69309390772734	6.69309390772734	6.69309390772734	6.69309390772734
ENSMUSG00000108966	Gm45119	6.69309390772734	6.69309390772734	6.69309390772734	6.69309390772734	6.69309390772734	6.69309390772734
ENSMUSG00000108974	Olfr1483-ps1	6.69309390772734	6.69309390772734	6.69309390772734	6.69309390772734	6.69309390772734	6.69309390772734
ENSMUSG00000109007	Olfr1439-ps1	6.69309390772734	6.69309390772734	6.69309390772734	6.69309390772734	6.69309390772734	6.69309390772734
ENSMUSG00000109022	Olfr1432	6.69309390772734	6.69309390772734	6.69309390772734	6.69309390772734	6.69309390772734	6.69309390772734
ENSMUSG00000109030	Olfr1421-ps1	6.69309390772734	6.69309390772734	6.69309390772734	6.69309390772734	6.69309390772734	6.69309390772734
ENSMUSG00000109047	Gm45115	6.69309390772734	6.69309390772734	6.69309390772734	6.69309390772734	6.69309390772734	6.69309390772734
ENSMUSG00000109100	Olfr1464-ps1	6.69309390772734	6.69309390772734	6.69309390772734	6.69309390772734	6.69309390772734	6.69309390772734
ENSMUSG00000109126	Olfr1455-ps1	6.69309390772734	6.69309390772734	6.69309390772734	6.69309390772734	6.69309390772734	6.69309390772734
ENSMUSG00000109148	Olfr1452-ps1	6.69309390772734	6.69309390772734	6.69309390772734	6.69309390772734	6.69309390772734	6.69309390772734
ENSMUSG00000109184	Olfr1478-ps1	6.69309390772734	6.69309390772734	6.69309390772734	6.69309390772734	6.69309390772734	6.69309390772734
ENSMUSG00000109189	Olfr1476-ps1	6.69309390772734	6.69309390772734	6.69309390772734	6.69309390772734	6.69309390772734	6.69309390772734
ENSMUSG00000109223	Gm45116	6.69309390772734	6.69309390772734	6.69309390772734	6.69309390772734	6.69309390772734	6.69309390772734
ENSMUSG00000109229	Gm44858	6.69309390772734	6.69309390772734	6.69309390772734	6.69309390772734	6.69309390772734	6.69309390772734
ENSMUSG00000109230	Olfr1470-ps1	6.69309390772734	6.69309390772734	6.69309390772734	6.69309390772734	6.69309390772734	6.69309390772734
ENSMUSG00000109285	Olfr1488-ps1	6.69309390772734	6.69309390772734	6.69309390772734	6.69309390772734	6.69309390772734	6.69309390772734
ENSMUSG00000109309	Gm49772	6.69309390772734	6.69309390772734	6.69309390772734	6.69309390772734	6.69309390772734	6.69309390772734
ENSMUSG00000109319	Olfr1482-ps1	6.69309390772734	6.69309390772734	6.69309390772734	6.69309390772734	6.69309390772734	6.69309390772734
ENSMUSG00000109328	Olfr1438-ps1	6.69309390772734	6.69309390772734	6.69309390772734	6.69309390772734	6.69309390772734	6.69309390772734
ENSMUSG00000109343	Olfr1486-ps1	6.69309390772734	6.69309390772734	6.69309390772734	6.69309390772734	6.69309390772734	6.69309390772734
ENSMUSG00000109410	Olfr1430-ps1	6.69309390772734	6.69309390772734	6.69309390772734	6.69309390772734	6.69309390772734	6.69309390772734
ENSMUSG00000109415	Olfr1460-ps1	6.69309390772734	6.69309390772734	6.69309390772734	6.69309390772734	6.69309390772734	6.69309390772734
ENSMUSG00000109417	Gm44859	6.69309390772734	6.69309390772734	6.69309390772734	6.69309390772734	6.69309390772734	6.69309390772734
ENSMUSG00000109433	Olfr1435-ps1	6.69309390772734	6.69309390772734	6.69309390772734	6.69309390772734	6.69309390772734	6.69309390772734
ENSMUSG00000109496	Olfr1485-ps1	6.69309390772734	6.69309390772734	6.69309390772734	6.69309390772734	6.69309390772734	6.69309390772734
ENSMUSG00000109520	Olfr1493-ps1	6.69309390772734	6.69309390772734	6.69309390772734	6.69309390772734	6.69309390772734	6.69309390772734
ENSMUSG00000109527	Olfr1492-ps1	6.69309390772734	6.69309390772734	6.69309390772734	6.69309390772734	6.69309390772734	6.69309390772734
ENSMUSG00000109530	Olfr1498-ps1	6.69309390772734	6.69309390772734	6.69309390772734	6.69309390772734	6.69309390772734	6.69309390772734
ENSMUSG00000109544	Olfr1468-ps1	6.69309390772734	6.69309390772734	6.69309390772734	6.69309390772734	6.69309390772734	6.69309390772734
ENSMUSG00000109573	Olfr1473-ps1	6.69309390772734	6.69309390772734	6.69309390772734	6.69309390772734	6.69309390772734	6.69309390772734
ENSMUSG00000109695	Gm31166	7.26629505282919	6.69309390772734	7.13983569495576	7.06652016341404	7.04195916933653	7.11709790375297
ENSMUSG00000110007	Gm45352	6.69309390772734	6.69309390772734	6.69309390772734	6.69309390772734	6.69309390772734	6.69309390772734
ENSMUSG00000110156	Gm42067	7.04554269140627	7.02694047235869	7.16379428092114	7.20506248841134	7.10963598772243	7.07260577057312
ENSMUSG00000110210	Gm33756	6.69309390772734	6.69309390772734	6.69309390772734	6.69309390772734	6.69309390772734	6.69309390772734
ENSMUSG00000110298	Gm8189	6.69309390772734	6.86029628209775	6.84253668835852	6.86951062302783	6.82522789473628	6.69309390772734
ENSMUSG00000110949	Nudt8	7.71195185758425	7.4147721724162	7.37195268803299	7.49180143297029	7.58500378290221	7.479421403854
ENSMUSG00000111118	Gm6545	6.69309390772734	6.69309390772734	6.69309390772734	6.69309390772734	6.87989438758328	6.69309390772734
ENSMUSG00000112693	Gm5512	7.22970941221727	6.98237416409738	7.32240821954365	7.20506248841134	7.16753551133035	7.17601683243959
ENSMUSG00000114220	Gm10353	6.69309390772734	6.92942181245522	6.99158045856975	6.86951062302783	6.92179713828805	6.88325973737487
ENSMUSG00000114235	F530104D19Rik	6.69309390772734	6.69309390772734	6.69309390772734	6.69309390772734	6.69309390772734	6.69309390772734
ENSMUSG00000114285	Gm47773	6.69309390772734	6.69309390772734	6.69309390772734	6.69309390772734	6.69309390772734	6.69309390772734
ENSMUSG00000114302	Gm48683	6.69309390772734	6.69309390772734	6.69309390772734	6.69309390772734	6.69309390772734	6.69309390772734
ENSMUSG00000114315	Gm48696	6.69309390772734	6.69309390772734	6.69309390772734	6.69309390772734	6.69309390772734	6.69309390772734
ENSMUSG00000114409	Gm9042	6.69309390772734	6.69309390772734	6.69309390772734	6.81787819900811	6.69309390772734	6.69309390772734
ENSMUSG00000114443	Gm19241	6.69309390772734	6.69309390772734	6.69309390772734	6.69309390772734	6.69309390772734	6.69309390772734
ENSMUSG00000114469	C730002L08Rik	6.69309390772734	6.69309390772734	6.69309390772734	6.69309390772734	6.69309390772734	6.69309390772734
ENSMUSG00000114610	Cyp2c52-ps	6.83727858405132	6.69309390772734	6.69309390772734	6.81787819900811	6.69309390772734	6.69309390772734
ENSMUSG00000114644	Gm47243	6.69309390772734	6.69309390772734	6.69309390772734	6.69309390772734	6.69309390772734	6.69309390772734
ENSMUSG00000114673	1700016H03Rik	6.69309390772734	6.69309390772734	6.69309390772734	6.69309390772734	6.69309390772734	6.69309390772734
ENSMUSG00000114682	Gm48775	6.69309390772734	6.69309390772734	6.69309390772734	6.69309390772734	6.69309390772734	6.69309390772734
ENSMUSG00000114721	Gm47938	6.69309390772734	6.69309390772734	6.69309390772734	6.69309390772734	6.69309390772734	6.69309390772734
ENSMUSG00000114742	Gm47936	6.69309390772734	6.69309390772734	6.69309390772734	6.69309390772734	6.69309390772734	6.69309390772734
ENSMUSG00000114761	Gm47242	6.69309390772734	6.69309390772734	6.69309390772734	6.69309390772734	6.69309390772734	6.69309390772734
ENSMUSG00000114772	2210404E10Rik	6.69309390772734	6.69309390772734	6.69309390772734	6.69309390772734	6.69309390772734	6.69309390772734
ENSMUSG00000114796	A930028N01Rik	6.69309390772734	6.69309390772734	6.69309390772734	6.81787819900811	6.69309390772734	6.69309390772734
ENSMUSG00000114859	Gm47735	6.69309390772734	6.69309390772734	6.69309390772734	6.69309390772734	6.69309390772734	6.69309390772734
ENSMUSG00000114931	Gm32256	6.83727858405132	6.69309390772734	6.84253668835852	6.69309390772734	6.69309390772734	6.88325973737487
ENSMUSG00000116166	Gm49403	6.69309390772734	6.69309390772734	6.69309390772734	6.69309390772734	6.69309390772734	6.69309390772734
ENSMUSG00000116347	Gm49416	6.69309390772734	6.69309390772734	6.69309390772734	6.69309390772734	6.69309390772734	6.69309390772734
ENSMUSG00000117655	6720468P15Rik	6.69309390772734	6.69309390772734	6.69309390772734	6.69309390772734	6.69309390772734	6.82761009188626
ENSMUSG00000117659	Gm50339	6.69309390772734	6.69309390772734	6.69309390772734	6.69309390772734	6.69309390772734	6.69309390772734
ENSMUSG00000117664	Gm36860	6.69309390772734	6.86029628209775	6.69309390772734	6.81787819900811	6.69309390772734	6.82761009188626
ENSMUSG00000117666	Gm550	6.69309390772734	6.69309390772734	6.69309390772734	6.81787819900811	6.69309390772734	6.69309390772734
ENSMUSG00000117667	Gm18293	6.69309390772734	6.86029628209775	6.69309390772734	6.69309390772734	6.69309390772734	6.82761009188626
ENSMUSG00000117670	Gm50270	6.69309390772734	6.69309390772734	6.69309390772734	6.81787819900811	6.87989438758328	6.69309390772734
ENSMUSG00000117675	Gm46644	6.69309390772734	6.69309390772734	6.69309390772734	6.69309390772734	6.69309390772734	6.69309390772734
ENSMUSG00000117681	Gm50198	6.69309390772734	6.69309390772734	6.69309390772734	6.69309390772734	6.69309390772734	6.69309390772734
ENSMUSG00000117682	Gm18379	6.69309390772734	6.69309390772734	6.69309390772734	6.69309390772734	6.69309390772734	6.69309390772734
ENSMUSG00000117684	4930449E18Rik	6.69309390772734	6.69309390772734	6.69309390772734	6.69309390772734	6.69309390772734	6.69309390772734
ENSMUSG00000117685	Gm50299	6.69309390772734	6.69309390772734	6.69309390772734	6.69309390772734	6.69309390772734	6.69309390772734
ENSMUSG00000117687	Gm50182	6.69309390772734	6.69309390772734	6.69309390772734	6.69309390772734	6.69309390772734	6.69309390772734
ENSMUSG00000117690	Gm50430	6.69309390772734	6.69309390772734	6.69309390772734	6.69309390772734	6.69309390772734	6.69309390772734
ENSMUSG00000117691	Gm50319	6.69309390772734	6.69309390772734	6.69309390772734	6.69309390772734	6.69309390772734	6.69309390772734
ENSMUSG00000117692	Gm50114	6.69309390772734	6.69309390772734	6.69309390772734	6.69309390772734	6.69309390772734	6.69309390772734
ENSMUSG00000117693	Gm50272	6.69309390772734	6.69309390772734	6.69309390772734	6.69309390772734	6.69309390772734	6.69309390772734
ENSMUSG00000117695	Gm31912	6.83727858405132	6.69309390772734	6.69309390772734	6.69309390772734	6.69309390772734	6.69309390772734
ENSMUSG00000117696	Gm50100	6.69309390772734	6.69309390772734	6.69309390772734	6.69309390772734	6.69309390772734	6.69309390772734
ENSMUSG00000117697	Siah1-ps1	6.69309390772734	6.69309390772734	6.69309390772734	6.69309390772734	6.69309390772734	6.69309390772734
ENSMUSG00000117698	BC037704	7.01496686044172	7.19248484467531	7.13983569495576	7.15812373304259	7.08839667164651	7.21146857957656
ENSMUSG00000117699	Gm8222	6.69309390772734	6.69309390772734	6.69309390772734	6.69309390772734	6.69309390772734	6.69309390772734
ENSMUSG00000117700	Gm50359	6.69309390772734	6.69309390772734	6.69309390772734	6.69309390772734	6.69309390772734	6.69309390772734
ENSMUSG00000117702	Gm50281	6.69309390772734	6.69309390772734	6.69309390772734	6.69309390772734	6.69309390772734	6.69309390772734
ENSMUSG00000117703	Gm50306	6.69309390772734	6.69309390772734	6.69309390772734	6.69309390772734	6.69309390772734	6.69309390772734
ENSMUSG00000117704	Gm50273	6.69309390772734	6.69309390772734	6.69309390772734	6.69309390772734	6.82522789473628	6.69309390772734
ENSMUSG00000117705	Gm50113	6.69309390772734	6.69309390772734	6.69309390772734	6.69309390772734	6.69309390772734	6.69309390772734
ENSMUSG00000117706	Gm50184	6.69309390772734	6.69309390772734	6.69309390772734	6.69309390772734	6.69309390772734	6.69309390772734
ENSMUSG00000117707	Gm50378	6.69309390772734	6.69309390772734	6.69309390772734	6.69309390772734	6.69309390772734	6.69309390772734
ENSMUSG00000117710	Gm10817	6.89691715038443	6.86029628209775	6.69309390772734	6.86951062302783	6.82522789473628	6.82761009188626
ENSMUSG00000117711	Rpl37-ps1	6.69309390772734	6.69309390772734	6.69309390772734	6.69309390772734	6.69309390772734	6.69309390772734
ENSMUSG00000117718	1500032F14Rik	6.69309390772734	6.69309390772734	6.69309390772734	6.69309390772734	6.69309390772734	6.69309390772734
ENSMUSG00000117720	Gm5249	6.69309390772734	6.69309390772734	6.69309390772734	6.69309390772734	6.69309390772734	6.69309390772734
ENSMUSG00000117723	Gm50382	6.69309390772734	6.69309390772734	6.69309390772734	6.69309390772734	6.69309390772734	6.69309390772734
ENSMUSG00000117728	Gm34299	6.69309390772734	6.69309390772734	6.69309390772734	6.69309390772734	6.69309390772734	6.69309390772734
ENSMUSG00000117729	Gm5242	6.69309390772734	6.69309390772734	6.90434364114117	6.90909222265366	6.82522789473628	6.69309390772734
ENSMUSG00000117738	Cyp2c71-ps	6.69309390772734	6.69309390772734	6.69309390772734	6.69309390772734	6.69309390772734	6.69309390772734
ENSMUSG00000117739	Gm36787	6.69309390772734	6.69309390772734	6.69309390772734	6.69309390772734	6.69309390772734	6.69309390772734
ENSMUSG00000117740	Gm4242	6.69309390772734	6.69309390772734	6.69309390772734	6.69309390772734	6.69309390772734	6.69309390772734
ENSMUSG00000117743	Gm50232	6.83727858405132	6.69309390772734	6.69309390772734	6.86951062302783	6.87989438758328	6.69309390772734
ENSMUSG00000117746	Gm50372	6.69309390772734	6.69309390772734	6.69309390772734	6.69309390772734	6.69309390772734	6.69309390772734
ENSMUSG00000117752	Gm35554	6.69309390772734	6.69309390772734	6.69309390772734	6.69309390772734	6.69309390772734	6.69309390772734
ENSMUSG00000117755	Gm50188	6.69309390772734	6.69309390772734	6.69309390772734	6.69309390772734	6.69309390772734	6.69309390772734
ENSMUSG00000117756	Gm50320	6.69309390772734	6.69309390772734	6.69309390772734	6.69309390772734	6.69309390772734	6.69309390772734
ENSMUSG00000117758	Gm50302	6.69309390772734	6.69309390772734	6.69309390772734	6.69309390772734	6.69309390772734	6.69309390772734
ENSMUSG00000117761	Gm50428	6.69309390772734	6.69309390772734	6.69309390772734	6.69309390772734	6.69309390772734	6.69309390772734
ENSMUSG00000117763	9830166K06Rik	6.83727858405132	6.69309390772734	6.84253668835852	6.69309390772734	6.69309390772734	6.69309390772734
ENSMUSG00000117768	8030456M14Rik	6.83727858405132	6.86029628209775	6.90434364114117	6.94242986723758	6.92179713828805	6.96183502500662
ENSMUSG00000117770	Gm50285	6.83727858405132	6.69309390772734	6.84253668835852	6.69309390772734	6.69309390772734	6.69309390772734
ENSMUSG00000117771	Gm25432	7.52270016803553	7.35641952900921	7.48812947150172	7.23401166450805	7.42128731376633	7.38564494776553
ENSMUSG00000117773	Gm50375	6.69309390772734	6.69309390772734	6.69309390772734	6.69309390772734	6.69309390772734	6.69309390772734
ENSMUSG00000117774	Gm18610	6.69309390772734	6.69309390772734	6.69309390772734	6.69309390772734	6.69309390772734	6.69309390772734
ENSMUSG00000117779	Gm19209	7.44773245913554	7.48542196548252	7.44684420354994	7.46343055418622	7.45494699691135	7.33318165246142
ENSMUSG00000117782	Gm18999	6.69309390772734	6.69309390772734	6.69309390772734	6.69309390772734	6.69309390772734	6.69309390772734
ENSMUSG00000117785	Gm5827	6.69309390772734	6.69309390772734	6.69309390772734	6.69309390772734	6.69309390772734	6.69309390772734
ENSMUSG00000117788	Gm5517	6.89691715038443	6.69309390772734	6.69309390772734	6.69309390772734	6.69309390772734	6.69309390772734
ENSMUSG00000117789	Gm50388	6.69309390772734	6.69309390772734	7.05833993509113	6.69309390772734	7.01619224930028	6.69309390772734
ENSMUSG00000117790	Gm46652	6.69309390772734	6.69309390772734	6.69309390772734	6.69309390772734	6.69309390772734	6.69309390772734
ENSMUSG00000117793	Gm5693	6.69309390772734	6.69309390772734	6.69309390772734	6.69309390772734	6.69309390772734	6.69309390772734
ENSMUSG00000117796	Gm35406	6.69309390772734	6.69309390772734	6.69309390772734	6.69309390772734	6.69309390772734	6.69309390772734
ENSMUSG00000117800	1700122C19Rik	6.69309390772734	6.69309390772734	6.69309390772734	6.69309390772734	6.69309390772734	6.69309390772734
ENSMUSG00000117803	Gm50379	6.69309390772734	6.69309390772734	6.69309390772734	6.69309390772734	6.69309390772734	6.69309390772734
ENSMUSG00000117804	Gm6252	8.98736443542112	8.7321937990583	8.9624727051149	8.4952463849612	8.75290297827901	8.82157668868562
ENSMUSG00000117806	Gm50325	6.69309390772734	6.69309390772734	6.69309390772734	6.69309390772734	6.69309390772734	6.69309390772734
ENSMUSG00000117807	Gm7074	6.69309390772734	6.69309390772734	6.69309390772734	6.69309390772734	6.69309390772734	6.69309390772734
ENSMUSG00000117814	Gm50431	7.16933416550579	7.31424918855216	7.46087593541754	7.35935097337391	7.47651390835236	7.29060681193018
ENSMUSG00000117820	Gm50305	6.69309390772734	6.69309390772734	6.69309390772734	6.69309390772734	6.69309390772734	6.69309390772734
ENSMUSG00000117821	Gm50120	6.69309390772734	6.69309390772734	6.69309390772734	6.69309390772734	6.69309390772734	6.69309390772734
ENSMUSG00000117822	Eef1a1-ps1	9.38087481336463	8.57197820025438	9.02479250275044	8.78324767414592	9.5444911926219	8.70102350749055
ENSMUSG00000117823	Gm35610	6.69309390772734	6.69309390772734	6.69309390772734	6.69309390772734	6.69309390772734	6.69309390772734
ENSMUSG00000117827	D730002M21Rik	6.69309390772734	6.69309390772734	6.69309390772734	6.69309390772734	6.69309390772734	6.69309390772734
ENSMUSG00000117833	Gm50135	6.69309390772734	6.69309390772734	6.69309390772734	6.69309390772734	6.69309390772734	6.69309390772734
ENSMUSG00000117834	Gm50429	6.69309390772734	6.69309390772734	6.69309390772734	6.69309390772734	6.69309390772734	6.69309390772734
ENSMUSG00000117837	Gm41821	6.69309390772734	6.69309390772734	6.69309390772734	6.69309390772734	6.69309390772734	6.69309390772734
ENSMUSG00000117839	Gm50251	6.69309390772734	6.69309390772734	6.69309390772734	6.69309390772734	6.69309390772734	6.69309390772734
ENSMUSG00000117845	Gm31070	6.69309390772734	6.69309390772734	6.69309390772734	6.69309390772734	6.69309390772734	6.69309390772734
ENSMUSG00000117848	Gm35867	6.69309390772734	6.69309390772734	6.69309390772734	6.69309390772734	6.69309390772734	6.82761009188626
ENSMUSG00000117850	Gm50443	6.69309390772734	6.69309390772734	6.69309390772734	6.69309390772734	6.69309390772734	6.69309390772734
ENSMUSG00000117856	Gm6937	8.44240752152129	7.63719948245307	8.07383692677776	7.85238816622613	8.13891211570679	8.1150482091113
ENSMUSG00000117859	Gm32492	6.69309390772734	6.69309390772734	6.69309390772734	6.69309390772734	6.69309390772734	6.69309390772734
ENSMUSG00000117861	1810058N15Rik	6.69309390772734	6.69309390772734	6.69309390772734	6.69309390772734	6.69309390772734	6.69309390772734
ENSMUSG00000117862	Gm35781	6.69309390772734	6.69309390772734	6.69309390772734	6.69309390772734	6.82522789473628	6.69309390772734
ENSMUSG00000117865	Gm50137	6.69309390772734	6.69309390772734	6.69309390772734	6.69309390772734	6.69309390772734	6.69309390772734
ENSMUSG00000117867	Gm50330	6.69309390772734	6.69309390772734	6.69309390772734	6.69309390772734	6.69309390772734	6.69309390772734
ENSMUSG00000117871	Gm50287	6.69309390772734	6.69309390772734	6.69309390772734	6.69309390772734	6.69309390772734	6.69309390772734
ENSMUSG00000117873	Gm45928	6.69309390772734	6.69309390772734	6.69309390772734	6.69309390772734	6.69309390772734	6.69309390772734
ENSMUSG00000117877	Gm8184	6.69309390772734	6.69309390772734	6.69309390772734	6.69309390772734	6.69309390772734	6.69309390772734
ENSMUSG00000117878	Gm50202	6.69309390772734	6.69309390772734	6.69309390772734	6.69309390772734	6.69309390772734	6.69309390772734
ENSMUSG00000117880	Gm34517	6.69309390772734	6.69309390772734	6.69309390772734	6.69309390772734	6.69309390772734	6.69309390772734
ENSMUSG00000117883	Gm50380	6.69309390772734	6.69309390772734	6.69309390772734	6.69309390772734	6.69309390772734	6.69309390772734
ENSMUSG00000117886	Gm2106	6.69309390772734	6.69309390772734	6.69309390772734	6.69309390772734	6.69309390772734	6.69309390772734
ENSMUSG00000117890	Gm32441	6.69309390772734	6.69309390772734	6.69309390772734	6.69309390772734	6.69309390772734	6.69309390772734
ENSMUSG00000117893	Gm46658	6.94262189687933	6.98237416409738	6.95170575136151	6.94242986723758	6.87989438758328	6.9259144555803
ENSMUSG00000117896	AA387883	6.69309390772734	6.69309390772734	6.90434364114117	7.33635258562687	7.47651390835236	7.58167095023404
ENSMUSG00000117897	Gm50151	6.69309390772734	6.69309390772734	6.69309390772734	6.69309390772734	6.69309390772734	6.69309390772734
ENSMUSG00000117900	Gm50323	6.69309390772734	6.69309390772734	6.84253668835852	6.81787819900811	6.69309390772734	6.82761009188626
ENSMUSG00000117901	AC109619.1	6.83727858405132	6.69309390772734	7.02666402593573	6.86951062302783	6.82522789473628	6.9259144555803
ENSMUSG00000117905	Gm50230	6.69309390772734	7.19248484467531	6.84253668835852	6.99827770286894	6.92179713828805	7.09548308286407
ENSMUSG00000117909	Gm50212	6.69309390772734	6.69309390772734	6.69309390772734	6.69309390772734	6.69309390772734	6.69309390772734
ENSMUSG00000117911	Gm35460	6.69309390772734	6.69309390772734	6.69309390772734	6.69309390772734	6.69309390772734	6.69309390772734
ENSMUSG00000117912	Gm50383	6.69309390772734	6.69309390772734	6.69309390772734	6.69309390772734	6.69309390772734	6.69309390772734
ENSMUSG00000117914	Gm29863	6.69309390772734	6.69309390772734	6.84253668835852	6.81787819900811	6.69309390772734	6.69309390772734
ENSMUSG00000117920	Gm50155	6.69309390772734	6.69309390772734	6.69309390772734	6.69309390772734	6.69309390772734	6.69309390772734
ENSMUSG00000117921	Gm50186	6.69309390772734	6.69309390772734	6.69309390772734	6.69309390772734	6.69309390772734	6.69309390772734
ENSMUSG00000117924	Tmem223	9.15710480014136	8.96991578474375	9.0658122122522	8.83068831415703	8.95512869208012	9.0592052668562
ENSMUSG00000117927	Gm50271	6.69309390772734	6.69309390772734	6.69309390772734	6.69309390772734	6.69309390772734	6.69309390772734
ENSMUSG00000117928	Gm42068	6.69309390772734	6.69309390772734	6.69309390772734	6.69309390772734	6.69309390772734	6.69309390772734
ENSMUSG00000117930	Gm50436	6.69309390772734	6.69309390772734	6.69309390772734	6.69309390772734	6.69309390772734	6.69309390772734
ENSMUSG00000117931	Gm50444	6.69309390772734	6.69309390772734	6.69309390772734	6.69309390772734	6.69309390772734	6.69309390772734
ENSMUSG00000117934	Gm50342	6.69309390772734	6.69309390772734	6.69309390772734	6.69309390772734	6.69309390772734	6.69309390772734
ENSMUSG00000117935	Gm8717	6.83727858405132	6.86029628209775	6.84253668835852	6.81787819900811	7.01619224930028	6.9259144555803
ENSMUSG00000117937	Gm8157	6.69309390772734	6.69309390772734	6.69309390772734	6.69309390772734	6.69309390772734	6.69309390772734
ENSMUSG00000117938	Gm50112	6.69309390772734	6.69309390772734	6.69309390772734	6.69309390772734	6.69309390772734	6.69309390772734
ENSMUSG00000117939	Gm9067	6.83727858405132	6.69309390772734	6.69309390772734	6.69309390772734	6.69309390772734	6.82761009188626
ENSMUSG00000117941	Gm50276	6.69309390772734	6.69309390772734	6.69309390772734	6.69309390772734	6.69309390772734	6.69309390772734
ENSMUSG00000117944	Gm50422	6.69309390772734	6.69309390772734	6.69309390772734	6.69309390772734	6.69309390772734	6.69309390772734
ENSMUSG00000117945	Gm50116	6.69309390772734	6.69309390772734	6.69309390772734	6.69309390772734	6.69309390772734	6.69309390772734
ENSMUSG00000117946	Gm50280	6.69309390772734	6.69309390772734	6.69309390772734	6.69309390772734	6.69309390772734	6.69309390772734
ENSMUSG00000117950	Gm50376	6.69309390772734	6.69309390772734	6.95170575136151	6.69309390772734	6.69309390772734	6.69309390772734
ENSMUSG00000117951	Gm50357	6.69309390772734	6.69309390772734	6.69309390772734	6.69309390772734	6.82522789473628	6.69309390772734
ENSMUSG00000117952	Gm50132	6.69309390772734	6.69309390772734	6.69309390772734	6.69309390772734	6.69309390772734	6.69309390772734
ENSMUSG00000117953	Gm50264	6.69309390772734	6.69309390772734	6.69309390772734	6.69309390772734	6.69309390772734	6.69309390772734
ENSMUSG00000117955	Gm50205	6.83727858405132	6.86029628209775	6.95170575136151	6.69309390772734	6.82522789473628	6.82761009188626
ENSMUSG00000117956	Gm50196	6.69309390772734	6.69309390772734	6.69309390772734	6.69309390772734	6.69309390772734	6.69309390772734
ENSMUSG00000117957	Gm50334	6.69309390772734	6.69309390772734	6.69309390772734	6.69309390772734	6.82522789473628	6.69309390772734
ENSMUSG00000117958	Gm35183	6.69309390772734	6.69309390772734	6.69309390772734	6.69309390772734	6.69309390772734	6.69309390772734
ENSMUSG00000117959	D330050I16Rik	7.14735678640726	7.06613893438547	7.26832418150057	7.04527212457743	7.06591762400799	6.96183502500662
ENSMUSG00000117964	Gm36043	6.69309390772734	6.69309390772734	6.84253668835852	6.69309390772734	6.69309390772734	6.69309390772734
ENSMUSG00000117966	1700061A03Rik	6.69309390772734	6.69309390772734	6.69309390772734	6.69309390772734	6.69309390772734	6.69309390772734
ENSMUSG00000117967	Gm5246	6.69309390772734	6.69309390772734	6.69309390772734	6.69309390772734	6.69309390772734	6.69309390772734
ENSMUSG00000117972	Gm6813	6.94262189687933	6.69309390772734	6.95170575136151	6.90909222265366	7.06591762400799	7.02199656034898
ENSMUSG00000117973	Gm50140	6.69309390772734	6.69309390772734	6.69309390772734	6.69309390772734	6.69309390772734	6.69309390772734
ENSMUSG00000117975	Itprip	7.52270016803553	7.66438239001078	7.70787716367183	7.66534440064384	7.65542791396306	7.44574364536933
ENSMUSG00000117978	Gm50286	6.69309390772734	6.69309390772734	6.69309390772734	6.69309390772734	6.69309390772734	6.69309390772734
ENSMUSG00000117979	Gm50341	6.69309390772734	6.69309390772734	6.69309390772734	6.69309390772734	6.69309390772734	6.69309390772734
ENSMUSG00000117981	4930484I04Rik	6.69309390772734	6.69309390772734	6.69309390772734	6.69309390772734	6.69309390772734	6.69309390772734
ENSMUSG00000117988	Gm8663	6.69309390772734	6.69309390772734	6.69309390772734	6.69309390772734	6.69309390772734	6.69309390772734
ENSMUSG00000117989	Gm9066	6.69309390772734	6.69309390772734	6.69309390772734	6.69309390772734	6.69309390772734	6.69309390772734
ENSMUSG00000117990	Gm32027	6.69309390772734	6.69309390772734	6.69309390772734	6.81787819900811	6.69309390772734	6.69309390772734
ENSMUSG00000117991	Gm34636	6.69309390772734	6.69309390772734	6.69309390772734	6.69309390772734	6.69309390772734	6.69309390772734
ENSMUSG00000117995	Gm50348	6.69309390772734	6.69309390772734	6.90434364114117	6.81787819900811	6.69309390772734	6.69309390772734
ENSMUSG00000117996	Gm50441	6.69309390772734	6.69309390772734	6.69309390772734	6.69309390772734	6.69309390772734	6.69309390772734
ENSMUSG00000117998	Gm32081	6.69309390772734	6.69309390772734	6.69309390772734	6.69309390772734	6.69309390772734	6.69309390772734
ENSMUSG00000118000	Gm50217	6.69309390772734	6.69309390772734	6.84253668835852	6.81787819900811	6.69309390772734	6.69309390772734
ENSMUSG00000118001	Gm34808	6.69309390772734	6.69309390772734	6.69309390772734	6.81787819900811	6.69309390772734	6.69309390772734
ENSMUSG00000118003	Gm9618	6.69309390772734	6.69309390772734	6.69309390772734	6.69309390772734	6.69309390772734	6.69309390772734
ENSMUSG00000118005	Gm50377	6.69309390772734	6.69309390772734	6.69309390772734	6.69309390772734	6.69309390772734	6.69309390772734
ENSMUSG00000118008	Gm36913	6.83727858405132	6.69309390772734	6.69309390772734	6.69309390772734	6.69309390772734	6.69309390772734
ENSMUSG00000118009	Gm50208	6.69309390772734	6.69309390772734	6.69309390772734	6.69309390772734	6.69309390772734	6.69309390772734
ENSMUSG00000118011	Gm50266	6.69309390772734	6.69309390772734	6.69309390772734	6.69309390772734	6.69309390772734	6.69309390772734
ENSMUSG00000118014	4930535F04Rik	6.69309390772734	6.69309390772734	6.69309390772734	6.69309390772734	6.69309390772734	6.69309390772734
ENSMUSG00000118016	1700048O14Rik	6.69309390772734	6.69309390772734	6.69309390772734	6.69309390772734	6.69309390772734	6.69309390772734
ENSMUSG00000118020	Gm35438	6.83727858405132	6.86029628209775	6.69309390772734	6.69309390772734	6.69309390772734	6.69309390772734
ENSMUSG00000118021	Gm50130	6.69309390772734	6.86029628209775	6.69309390772734	6.69309390772734	6.69309390772734	6.82761009188626
ENSMUSG00000118023	Gm50363	6.69309390772734	6.69309390772734	6.69309390772734	6.69309390772734	6.69309390772734	6.69309390772734
ENSMUSG00000118027	Gm10802	6.69309390772734	6.69309390772734	6.69309390772734	6.69309390772734	6.69309390772734	6.69309390772734
ENSMUSG00000118029	AC132288.1	6.83727858405132	6.69309390772734	6.90434364114117	6.69309390772734	6.69309390772734	6.82761009188626
ENSMUSG00000118031	Gm19956	6.69309390772734	6.69309390772734	6.69309390772734	6.69309390772734	6.69309390772734	6.69309390772734
ENSMUSG00000118032	Gm50147	6.94262189687933	7.10151841841227	6.84253668835852	7.06652016341404	7.14907911257911	7.11709790375297
ENSMUSG00000118033	Gm50362	6.69309390772734	6.69309390772734	6.69309390772734	6.69309390772734	6.69309390772734	6.69309390772734
ENSMUSG00000118036	Gm6386	6.69309390772734	6.69309390772734	6.69309390772734	6.69309390772734	6.69309390772734	6.69309390772734
ENSMUSG00000118038	Gm9895	6.69309390772734	6.86029628209775	6.84253668835852	6.81787819900811	6.87989438758328	6.88325973737487
ENSMUSG00000118040	Gm36602	6.69309390772734	6.69309390772734	6.69309390772734	6.69309390772734	6.69309390772734	6.69309390772734
ENSMUSG00000118044	Gm50243	6.69309390772734	6.69309390772734	6.69309390772734	6.69309390772734	6.69309390772734	6.69309390772734
ENSMUSG00000118047	4930554I06Rik	6.69309390772734	6.69309390772734	6.69309390772734	6.69309390772734	6.69309390772734	6.69309390772734
ENSMUSG00000118048	Gm50257	6.69309390772734	6.69309390772734	6.69309390772734	6.69309390772734	6.69309390772734	6.69309390772734
ENSMUSG00000118052	Gm50432	6.83727858405132	6.86029628209775	6.84253668835852	6.69309390772734	6.87989438758328	6.9259144555803
ENSMUSG00000118055	Gm50129	6.69309390772734	6.69309390772734	6.69309390772734	6.69309390772734	6.69309390772734	6.69309390772734
ENSMUSG00000118059	Gm6975	7.01496686044172	6.69309390772734	6.84253668835852	6.69309390772734	7.06591762400799	6.9259144555803
ENSMUSG00000118062	Gm50435	6.69309390772734	6.69309390772734	6.69309390772734	6.69309390772734	6.69309390772734	6.69309390772734
ENSMUSG00000118064	Gm50210	6.69309390772734	6.69309390772734	6.69309390772734	6.69309390772734	6.69309390772734	6.69309390772734
ENSMUSG00000118065	Gm50343	6.69309390772734	6.69309390772734	6.69309390772734	6.69309390772734	6.69309390772734	6.69309390772734
ENSMUSG00000118066	Gm50239	6.69309390772734	6.69309390772734	6.69309390772734	6.69309390772734	6.69309390772734	6.69309390772734
ENSMUSG00000118067	Gm32629	6.69309390772734	6.69309390772734	6.69309390772734	6.69309390772734	6.69309390772734	6.69309390772734
ENSMUSG00000118072	Gm50101	6.69309390772734	6.69309390772734	6.69309390772734	6.69309390772734	6.69309390772734	6.69309390772734
ENSMUSG00000118076	Gm50337	6.69309390772734	6.69309390772734	6.69309390772734	6.69309390772734	6.69309390772734	6.69309390772734
ENSMUSG00000118077	Gm50315	6.69309390772734	6.69309390772734	6.69309390772734	6.69309390772734	6.82522789473628	6.69309390772734
ENSMUSG00000118079	Gm50181	6.69309390772734	6.69309390772734	6.69309390772734	6.69309390772734	6.69309390772734	6.69309390772734
ENSMUSG00000118083	Gm50173	6.69309390772734	6.69309390772734	6.69309390772734	6.69309390772734	6.69309390772734	6.69309390772734
ENSMUSG00000118086	AC106834.1	6.98110478715535	7.02694047235869	6.90434364114117	7.04527212457743	6.87989438758328	6.82761009188626
ENSMUSG00000118087	4833438C02Rik	7.36361029071226	7.43312435918494	7.43252197226123	7.34795958750156	7.39787680991344	7.50102147136271
ENSMUSG00000118090	Gm50236	6.69309390772734	6.69309390772734	6.69309390772734	6.69309390772734	6.69309390772734	6.69309390772734
ENSMUSG00000118092	Gm50445	6.69309390772734	6.69309390772734	6.69309390772734	6.69309390772734	6.82522789473628	6.69309390772734
ENSMUSG00000118093	Gm17802	6.83727858405132	6.86029628209775	6.69309390772734	6.69309390772734	6.87989438758328	6.82761009188626
ENSMUSG00000118096	Gm50374	6.69309390772734	6.69309390772734	6.69309390772734	6.69309390772734	6.69309390772734	6.69309390772734
ENSMUSG00000118098	Gm18425	6.69309390772734	6.69309390772734	6.69309390772734	6.69309390772734	6.69309390772734	6.69309390772734
ENSMUSG00000118099	Gm31356	6.69309390772734	6.69309390772734	6.69309390772734	6.81787819900811	6.82522789473628	6.82761009188626
ENSMUSG00000118100	Gm50340	7.01496686044172	7.06613893438547	6.95170575136151	6.99827770286894	6.82522789473628	6.88325973737487
ENSMUSG00000118104	Gm50189	6.69309390772734	6.69309390772734	6.69309390772734	6.69309390772734	6.69309390772734	6.69309390772734
ENSMUSG00000118106	AC115752.1	6.94262189687933	6.69309390772734	6.95170575136151	6.94242986723758	6.95708579526237	7.04822193928885
ENSMUSG00000118109	Gm41815	6.69309390772734	6.69309390772734	6.69309390772734	6.69309390772734	6.69309390772734	6.69309390772734
ENSMUSG00000118111	Gm50442	6.69309390772734	6.69309390772734	6.69309390772734	6.69309390772734	6.69309390772734	6.69309390772734
ENSMUSG00000118114	Gm50332	6.69309390772734	6.69309390772734	6.69309390772734	6.69309390772734	6.69309390772734	6.69309390772734
ENSMUSG00000118115	Gm4757	6.69309390772734	6.69309390772734	6.69309390772734	6.69309390772734	6.69309390772734	6.69309390772734
ENSMUSG00000118118	Gm18161	6.69309390772734	6.69309390772734	6.69309390772734	6.69309390772734	6.69309390772734	6.69309390772734
ENSMUSG00000118121	Gm50233	6.69309390772734	6.69309390772734	6.69309390772734	6.69309390772734	6.69309390772734	6.69309390772734
ENSMUSG00000118123	Gm50346	6.69309390772734	6.69309390772734	6.69309390772734	6.69309390772734	6.69309390772734	6.69309390772734
ENSMUSG00000118124	Gm50139	6.69309390772734	6.69309390772734	6.69309390772734	6.69309390772734	6.69309390772734	6.69309390772734
ENSMUSG00000118125	Gm50387	7.44773245913554	7.51827916543745	7.70787716367183	7.58743148284636	7.54732392784919	7.52200294172324
ENSMUSG00000118126	Gm32341	6.69309390772734	6.86029628209775	6.69309390772734	6.69309390772734	6.69309390772734	6.69309390772734
ENSMUSG00000118127	Gm36693	6.69309390772734	6.69309390772734	6.69309390772734	6.69309390772734	6.69309390772734	6.69309390772734
ENSMUSG00000118128	Gm50331	6.69309390772734	6.69309390772734	6.69309390772734	6.69309390772734	6.69309390772734	6.69309390772734
ENSMUSG00000118129	Gm50327	6.69309390772734	6.69309390772734	6.69309390772734	6.69309390772734	6.69309390772734	6.69309390772734
ENSMUSG00000118132	4833408A19Rik	7.01496686044172	7.02694047235869	6.95170575136151	7.02262818809414	7.06591762400799	7.09548308286407
ENSMUSG00000118138	Gm50322	7.21039978727346	7.06613893438547	7.2490610010445	7.17429831353796	7.25041500396184	7.13763452664134
ENSMUSG00000118142	Gm19312	6.69309390772734	6.69309390772734	6.69309390772734	6.69309390772734	6.69309390772734	6.69309390772734
ENSMUSG00000118146	Cyp2c72-ps	6.69309390772734	6.69309390772734	6.69309390772734	6.69309390772734	6.69309390772734	6.69309390772734
ENSMUSG00000118149	Gm50282	6.69309390772734	6.69309390772734	6.69309390772734	6.69309390772734	6.69309390772734	6.69309390772734
ENSMUSG00000118150	Gm3728	6.69309390772734	6.69309390772734	6.69309390772734	6.69309390772734	6.69309390772734	6.69309390772734
ENSMUSG00000118155	Gm50136	6.69309390772734	6.69309390772734	6.69309390772734	6.69309390772734	6.69309390772734	6.69309390772734
ENSMUSG00000118158	Gm50326	6.69309390772734	6.69309390772734	6.69309390772734	6.69309390772734	6.69309390772734	6.69309390772734
ENSMUSG00000118159	Gm50402	6.83727858405132	6.69309390772734	6.69309390772734	6.69309390772734	6.69309390772734	6.82761009188626
ENSMUSG00000118165	Gm3621	6.69309390772734	6.69309390772734	6.69309390772734	6.69309390772734	6.69309390772734	6.69309390772734
ENSMUSG00000118166	Gm50296	6.69309390772734	6.69309390772734	6.69309390772734	6.69309390772734	6.69309390772734	6.69309390772734
ENSMUSG00000118167	Gm50216	6.69309390772734	6.69309390772734	6.69309390772734	6.69309390772734	6.69309390772734	6.69309390772734
ENSMUSG00000118168	Gm36419	6.69309390772734	6.69309390772734	6.69309390772734	6.69309390772734	6.69309390772734	6.69309390772734
ENSMUSG00000118173	Gm50329	6.69309390772734	6.69309390772734	6.69309390772734	6.69309390772734	6.69309390772734	6.69309390772734
ENSMUSG00000118174	Gm3188	6.69309390772734	6.69309390772734	6.69309390772734	6.69309390772734	6.69309390772734	6.69309390772734
ENSMUSG00000118178	Gm32932	6.69309390772734	6.69309390772734	6.69309390772734	6.69309390772734	6.69309390772734	6.69309390772734
ENSMUSG00000118181	CAAA01066123.1	7.81831363534602	7.60909465956251	7.71797418825387	7.67274894724056	7.71253931549595	7.86425511051723
ENSMUSG00000118182	Gm50427	6.69309390772734	6.69309390772734	6.69309390772734	6.69309390772734	6.69309390772734	6.69309390772734
ENSMUSG00000118183	Gm50345	6.69309390772734	6.69309390772734	6.69309390772734	6.69309390772734	6.69309390772734	6.69309390772734
ENSMUSG00000118190	Gm50411	6.69309390772734	6.69309390772734	6.69309390772734	6.69309390772734	6.69309390772734	6.69309390772734
ENSMUSG00000118192	Gm50183	6.69309390772734	6.69309390772734	6.69309390772734	6.69309390772734	6.69309390772734	6.69309390772734
ENSMUSG00000118194	Gm19505	6.69309390772734	6.69309390772734	6.69309390772734	6.69309390772734	6.69309390772734	6.69309390772734
ENSMUSG00000118196	Gm29946	6.69309390772734	6.69309390772734	6.69309390772734	6.69309390772734	6.69309390772734	6.69309390772734
ENSMUSG00000118197	Gm20762	6.89691715038443	6.92942181245522	6.69309390772734	6.90909222265366	6.95708579526237	6.88325973737487
ENSMUSG00000118203	Gm7798	6.69309390772734	6.69309390772734	6.69309390772734	6.69309390772734	6.69309390772734	6.69309390772734
ENSMUSG00000118204	4930414N06Rik	6.69309390772734	6.69309390772734	6.69309390772734	6.69309390772734	6.69309390772734	6.69309390772734
ENSMUSG00000118206	Gm50358	6.83727858405132	6.69309390772734	6.90434364114117	6.81787819900811	6.69309390772734	6.69309390772734
ENSMUSG00000118207	Gm50191	6.69309390772734	6.69309390772734	6.69309390772734	6.69309390772734	6.69309390772734	6.69309390772734
ENSMUSG00000118209	Gm35438	6.69309390772734	6.69309390772734	6.69309390772734	6.69309390772734	6.69309390772734	6.69309390772734
ENSMUSG00000118210	Gm50394	6.69309390772734	6.86029628209775	6.69309390772734	6.69309390772734	6.82522789473628	6.69309390772734
ENSMUSG00000118211	Gm46649	6.83727858405132	6.69309390772734	6.69309390772734	6.69309390772734	6.69309390772734	6.96183502500662
ENSMUSG00000118212	Gm41836	6.69309390772734	6.69309390772734	6.69309390772734	6.69309390772734	6.69309390772734	6.69309390772734
ENSMUSG00000118213	Gm50307	6.69309390772734	6.69309390772734	6.69309390772734	6.69309390772734	6.69309390772734	6.69309390772734
ENSMUSG00000118217	Gm6951	6.69309390772734	6.69309390772734	6.69309390772734	6.69309390772734	6.69309390772734	6.69309390772734
ENSMUSG00000118220	Gm6192	7.22970941221727	6.98237416409738	7.20826881651068	6.94242986723758	7.36109984859385	7.19406889549228
ENSMUSG00000118221	Gm50194	6.69309390772734	6.69309390772734	6.84253668835852	6.69309390772734	6.69309390772734	6.69309390772734
ENSMUSG00000118223	1810035K13Rik	6.69309390772734	6.69309390772734	6.69309390772734	6.69309390772734	6.69309390772734	6.69309390772734
ENSMUSG00000118226	Gm50134	6.69309390772734	6.69309390772734	6.69309390772734	6.69309390772734	6.69309390772734	6.69309390772734
ENSMUSG00000118231	Gm2141	6.69309390772734	6.69309390772734	6.69309390772734	6.69309390772734	6.82522789473628	6.69309390772734
ENSMUSG00000118233	Gm30381	6.69309390772734	6.69309390772734	6.69309390772734	6.69309390772734	6.69309390772734	6.69309390772734
ENSMUSG00000118236	Gm34922	6.69309390772734	6.69309390772734	6.69309390772734	6.69309390772734	6.69309390772734	6.69309390772734
ENSMUSG00000118237	Gm50133	6.69309390772734	6.69309390772734	6.69309390772734	6.69309390772734	6.69309390772734	6.69309390772734
ENSMUSG00000118238	Gm34432	7.26629505282919	7.06613893438547	7.35587731372626	7.04527212457743	7.16753551133035	7.22827959673211
ENSMUSG00000118242	Gm50141	6.69309390772734	6.69309390772734	6.69309390772734	6.69309390772734	6.69309390772734	6.69309390772734
ENSMUSG00000118243	Gm50203	6.83727858405132	6.86029628209775	6.69309390772734	6.81787819900811	6.82522789473628	6.69309390772734
ENSMUSG00000118245	Gm30082	6.94262189687933	6.86029628209775	6.84253668835852	6.69309390772734	6.69309390772734	6.82761009188626
ENSMUSG00000118248	Gm50279	6.69309390772734	6.69309390772734	6.69309390772734	6.69309390772734	6.69309390772734	6.69309390772734
ENSMUSG00000118249	Gm36608	6.94262189687933	6.86029628209775	6.90434364114117	6.97177358161501	6.92179713828805	6.9259144555803
ENSMUSG00000118251	Gm50373	6.69309390772734	6.69309390772734	6.69309390772734	6.69309390772734	6.69309390772734	6.69309390772734
ENSMUSG00000118252	Gm5521	7.85121857150065	7.82305025841794	7.7668082247057	7.74350762181396	8.05343449742727	7.68068916965749
ENSMUSG00000118253	Gm50185	6.69309390772734	6.69309390772734	6.69309390772734	6.69309390772734	6.69309390772734	6.69309390772734
ENSMUSG00000118260	Cnn2-ps	6.69309390772734	6.69309390772734	6.69309390772734	6.69309390772734	6.69309390772734	6.69309390772734
ENSMUSG00000118261	Gm2518	6.69309390772734	6.69309390772734	6.69309390772734	6.69309390772734	6.69309390772734	6.69309390772734
ENSMUSG00000118263	Gm42064	6.83727858405132	6.69309390772734	6.69309390772734	6.81787819900811	6.82522789473628	6.69309390772734
ENSMUSG00000118270	Gm17819	6.83727858405132	6.69309390772734	6.69309390772734	6.69309390772734	6.69309390772734	6.69309390772734
ENSMUSG00000118273	Gm41819	6.69309390772734	6.69309390772734	6.69309390772734	6.69309390772734	6.69309390772734	6.69309390772734
ENSMUSG00000118276	Gm50440	6.69309390772734	6.69309390772734	6.69309390772734	6.69309390772734	6.69309390772734	6.69309390772734
ENSMUSG00000118277	Gm50310	6.69309390772734	6.69309390772734	6.69309390772734	6.69309390772734	6.69309390772734	6.69309390772734
ENSMUSG00000118280	Gm41804	6.83727858405132	6.69309390772734	6.69309390772734	6.86951062302783	6.69309390772734	6.82761009188626
ENSMUSG00000118287	Gm50300	6.69309390772734	6.69309390772734	6.69309390772734	6.69309390772734	6.69309390772734	6.69309390772734
ENSMUSG00000118289	Gm19724	6.69309390772734	6.69309390772734	6.69309390772734	6.69309390772734	6.69309390772734	6.69309390772734
ENSMUSG00000118291	Csf1r-ps	6.69309390772734	6.69309390772734	6.69309390772734	6.69309390772734	6.69309390772734	6.69309390772734
ENSMUSG00000118293	Gm32750	6.69309390772734	6.69309390772734	6.69309390772734	6.69309390772734	6.69309390772734	6.69309390772734
ENSMUSG00000118297	Gm18842	6.69309390772734	6.69309390772734	6.69309390772734	6.69309390772734	6.69309390772734	6.69309390772734
ENSMUSG00000118302	Gm31300	6.83727858405132	6.69309390772734	6.69309390772734	6.69309390772734	6.92179713828805	6.69309390772734
ENSMUSG00000118305	Gm50131	6.69309390772734	6.69309390772734	6.69309390772734	6.69309390772734	6.69309390772734	6.69309390772734
ENSMUSG00000118308	Gm19179	6.69309390772734	6.69309390772734	6.69309390772734	6.69309390772734	6.69309390772734	6.69309390772734
ENSMUSG00000118310	Gm50268	6.69309390772734	6.69309390772734	6.69309390772734	6.81787819900811	6.92179713828805	6.69309390772734
ENSMUSG00000118312	Gm7096	6.69309390772734	6.69309390772734	6.69309390772734	6.69309390772734	6.69309390772734	6.69309390772734
ENSMUSG00000118313	Gm50121	6.69309390772734	6.69309390772734	6.69309390772734	6.69309390772734	6.69309390772734	6.69309390772734
ENSMUSG00000118314	1700001K23Rik	6.83727858405132	6.86029628209775	6.69309390772734	6.69309390772734	6.69309390772734	6.69309390772734
ENSMUSG00000118320	Gm50425	6.69309390772734	6.69309390772734	6.69309390772734	6.69309390772734	6.69309390772734	6.69309390772734
ENSMUSG00000118324	Gm50187	6.69309390772734	6.69309390772734	6.69309390772734	6.69309390772734	6.69309390772734	6.69309390772734
ENSMUSG00000118325	Gm50324	6.69309390772734	6.69309390772734	6.69309390772734	6.69309390772734	6.69309390772734	6.69309390772734
ENSMUSG00000118329	Gm9563	6.69309390772734	6.69309390772734	6.69309390772734	6.69309390772734	6.69309390772734	6.69309390772734
ENSMUSG00000118330	Gm30042	6.69309390772734	6.69309390772734	6.69309390772734	6.81787819900811	6.82522789473628	6.69309390772734
ENSMUSG00000118331	Gm18380	6.69309390772734	6.69309390772734	6.69309390772734	6.69309390772734	6.69309390772734	6.69309390772734
ENSMUSG00000118335	Gm18936	6.69309390772734	6.69309390772734	6.69309390772734	6.69309390772734	6.69309390772734	6.69309390772734
ENSMUSG00000118338	Gm50317	6.69309390772734	6.69309390772734	6.69309390772734	6.69309390772734	6.69309390772734	6.69309390772734
ENSMUSG00000118340	Gm50301	6.69309390772734	6.69309390772734	6.69309390772734	6.69309390772734	6.69309390772734	6.69309390772734
ENSMUSG00000118342	Gm50255	6.69309390772734	6.69309390772734	6.69309390772734	6.81787819900811	6.69309390772734	6.69309390772734
ENSMUSG00000118344	Gm50152	6.69309390772734	6.86029628209775	6.69309390772734	6.69309390772734	6.69309390772734	6.69309390772734
ENSMUSG00000118345	Gm7105	6.94262189687933	6.86029628209775	6.95170575136151	6.69309390772734	6.92179713828805	6.82761009188626
ENSMUSG00000118346	Tmem179b	8.07488530046506	8.03397245707075	8.19273137112907	7.96645110225647	8.06449761649774	8.109592324478
ENSMUSG00000118350	Gm36339	6.69309390772734	6.69309390772734	6.69309390772734	6.69309390772734	6.69309390772734	6.69309390772734
ENSMUSG00000118353	Nsa2-ps1	7.44773245913554	7.35641952900921	7.69766226188404	7.48246872881774	7.48705714289802	7.54241201228059
ENSMUSG00000118354	Gm19437	6.69309390772734	6.69309390772734	6.69309390772734	6.69309390772734	6.69309390772734	6.69309390772734
ENSMUSG00000118355	Gm38616	6.69309390772734	6.69309390772734	6.69309390772734	6.69309390772734	6.69309390772734	6.69309390772734
ENSMUSG00000118360	Gm19755	6.69309390772734	6.69309390772734	6.69309390772734	6.69309390772734	6.69309390772734	6.69309390772734
ENSMUSG00000118364	AC124502.1	6.69309390772734	6.69309390772734	6.69309390772734	6.69309390772734	6.69309390772734	6.69309390772734
ENSMUSG00000118366	9130016M20Rik	6.69309390772734	6.69309390772734	6.69309390772734	6.69309390772734	6.69309390772734	6.69309390772734
ENSMUSG00000118367	Gm50277	6.69309390772734	6.69309390772734	6.69309390772734	6.69309390772734	6.69309390772734	6.69309390772734
ENSMUSG00000118369	Gm30541	6.69309390772734	6.69309390772734	6.69309390772734	6.69309390772734	6.69309390772734	6.69309390772734
ENSMUSG00000118371	Gm50308	6.69309390772734	6.69309390772734	6.69309390772734	6.69309390772734	6.69309390772734	6.69309390772734
ENSMUSG00000118374	Gm17885	6.69309390772734	6.69309390772734	6.69309390772734	6.69309390772734	6.69309390772734	6.69309390772734
ENSMUSG00000118377	Gm9276	6.69309390772734	6.86029628209775	6.69309390772734	6.81787819900811	6.87989438758328	6.88325973737487
ENSMUSG00000118378	Gm50393	6.69309390772734	6.69309390772734	6.69309390772734	6.69309390772734	6.69309390772734	6.88325973737487
ENSMUSG00000118381	Gm50150	6.69309390772734	6.69309390772734	6.69309390772734	6.69309390772734	6.69309390772734	6.69309390772734
ENSMUSG00000118383	Gm50321	7.56877349924886	7.76528131384049	7.81315646660906	7.48246872881774	7.63837969696932	7.60988312149206
ENSMUSG00000118392	4930524O05Rik	6.69309390772734	6.69309390772734	6.69309390772734	6.69309390772734	6.69309390772734	6.69309390772734
ENSMUSG00000118393	Gm50426	6.69309390772734	6.69309390772734	6.69309390772734	6.69309390772734	6.69309390772734	6.69309390772734
ENSMUSG00000118491	Zfp91	6.69309390772734	6.69309390772734	6.69309390772734	6.86951062302783	6.87989438758328	6.88325973737487
ENSMUSG00000118496	AC131692.1	6.69309390772734	6.69309390772734	6.69309390772734	6.69309390772734	6.69309390772734	6.69309390772734
ENSMUSG00000118513	AC141640.1	6.69309390772734	6.69309390772734	6.69309390772734	6.69309390772734	6.69309390772734	6.69309390772734
ENSMUSG00000118610	AC122861.1	6.69309390772734	6.69309390772734	6.69309390772734	6.69309390772734	6.69309390772734	6.69309390772734
